CameraLookAt 0 0 -0.6
CameraLookFrom 0 0 2.6
CameraLookUp 0 1 0
FieldOfView 45

DirectionToLight 0.4 0.8 1.0
LightColor 1.0 1.0 1.0
AmbientLight 0.15 0.15 0.15
BackgroundColor 0.08 0.08 0.10

Triangle
  0.288 -0.042 -0.996
  0.329143 -0.088286 -1.047429
  0.370286 0.009428 -1.057715
  Kd 0.75
  Ks 0.45
  Ka 0.15
  Od 0.82 0.82 0.86
  Os 1.0 1.0 1.0
  Kgls 48.0
  Refl 0.25

Triangle
  0.288 -0.042 -0.996
  0.370286 0.009428 -1.057715
  0.308572 0.009428 -1.001143
  Kd 0.75
  Ks 0.45
  Ka 0.15
  Od 0.82 0.82 0.86
  Os 1.0 1.0 1.0
  Kgls 48.0
  Refl 0.25

Triangle
  -0.288 -0.042 -0.996
  -0.308571 0.009428 -1.001143
  -0.370285 0.009428 -1.057715
  Kd 0.75
  Ks 0.45
  Ka 0.15
  Od 0.82 0.82 0.86
  Os 1.0 1.0 1.0
  Kgls 48.0
  Refl 0.25

Triangle
  -0.288 -0.042 -0.996
  -0.370285 0.009428 -1.057715
  -0.329143 -0.088286 -1.047429
  Kd 0.75
  Ks 0.45
  Ka 0.15
  Od 0.82 0.82 0.86
  Os 1.0 1.0 1.0
  Kgls 48.0
  Refl 0.25

Triangle
  0.329143 -0.088286 -1.047429
  0.36 -0.114 -1.119429
  0.411429 0.009428 -1.129715
  Kd 0.75
  Ks 0.45
  Ka 0.15
  Od 0.82 0.82 0.86
  Os 1.0 1.0 1.0
  Kgls 48.0
  Refl 0.25

Triangle
  0.329143 -0.088286 -1.047429
  0.411429 0.009428 -1.129715
  0.370286 0.009428 -1.057715
  Kd 0.75
  Ks 0.45
  Ka 0.15
  Od 0.82 0.82 0.86
  Os 1.0 1.0 1.0
  Kgls 48.0
  Refl 0.25

Triangle
  -0.329143 -0.088286 -1.047429
  -0.370285 0.009428 -1.057715
  -0.411428 0.009428 -1.129715
  Kd 0.75
  Ks 0.45
  Ka 0.15
  Od 0.82 0.82 0.86
  Os 1.0 1.0 1.0
  Kgls 48.0
  Refl 0.25

Triangle
  -0.329143 -0.088286 -1.047429
  -0.411428 0.009428 -1.129715
  -0.36 -0.114 -1.119429
  Kd 0.75
  Ks 0.45
  Ka 0.15
  Od 0.82 0.82 0.86
  Os 1.0 1.0 1.0
  Kgls 48.0
  Refl 0.25

Triangle
  0.231429 -0.129429 -1.026857
  0.231429 -0.165429 -1.093714
  0.36 -0.114 -1.119429
  Kd 0.75
  Ks 0.45
  Ka 0.15
  Od 0.82 0.82 0.86
  Os 1.0 1.0 1.0
  Kgls 48.0
  Refl 0.25

Triangle
  0.231429 -0.129429 -1.026857
  0.36 -0.114 -1.119429
  0.329143 -0.088286 -1.047429
  Kd 0.75
  Ks 0.45
  Ka 0.15
  Od 0.82 0.82 0.86
  Os 1.0 1.0 1.0
  Kgls 48.0
  Refl 0.25

Triangle
  -0.231429 -0.129429 -1.026857
  -0.329143 -0.088286 -1.047429
  -0.36 -0.114 -1.119429
  Kd 0.75
  Ks 0.45
  Ka 0.15
  Od 0.82 0.82 0.86
  Os 1.0 1.0 1.0
  Kgls 48.0
  Refl 0.25

Triangle
  -0.231429 -0.129429 -1.026857
  -0.36 -0.114 -1.119429
  -0.231429 -0.165429 -1.093714
  Kd 0.75
  Ks 0.45
  Ka 0.15
  Od 0.82 0.82 0.86
  Os 1.0 1.0 1.0
  Kgls 48.0
  Refl 0.25

Triangle
  0.231429 -0.062572 -0.985715
  0.231429 -0.129429 -1.026857
  0.329143 -0.088286 -1.047429
  Kd 0.75
  Ks 0.45
  Ka 0.15
  Od 0.82 0.82 0.86
  Os 1.0 1.0 1.0
  Kgls 48.0
  Refl 0.25

Triangle
  0.231429 -0.062572 -0.985715
  0.329143 -0.088286 -1.047429
  0.288 -0.042 -0.996
  Kd 0.75
  Ks 0.45
  Ka 0.15
  Od 0.82 0.82 0.86
  Os 1.0 1.0 1.0
  Kgls 48.0
  Refl 0.25

Triangle
  -0.231429 -0.062572 -0.985715
  -0.288 -0.042 -0.996
  -0.329143 -0.088286 -1.047429
  Kd 0.75
  Ks 0.45
  Ka 0.15
  Od 0.82 0.82 0.86
  Os 1.0 1.0 1.0
  Kgls 48.0
  Refl 0.25

Triangle
  -0.231429 -0.062572 -0.985715
  -0.329143 -0.088286 -1.047429
  -0.231429 -0.129429 -1.026857
  Kd 0.75
  Ks 0.45
  Ka 0.15
  Od 0.82 0.82 0.86
  Os 1.0 1.0 1.0
  Kgls 48.0
  Refl 0.25

Triangle
  0.18 -0.042 -0.975429
  0.133715 -0.088286 -1.011429
  0.231429 -0.129429 -1.026857
  Kd 0.75
  Ks 0.45
  Ka 0.15
  Od 0.82 0.82 0.86
  Os 1.0 1.0 1.0
  Kgls 48.0
  Refl 0.25

Triangle
  0.18 -0.042 -0.975429
  0.231429 -0.129429 -1.026857
  0.231429 -0.062572 -0.985715
  Kd 0.75
  Ks 0.45
  Ka 0.15
  Od 0.82 0.82 0.86
  Os 1.0 1.0 1.0
  Kgls 48.0
  Refl 0.25

Triangle
  -0.18 -0.042 -0.975429
  -0.231429 -0.062572 -0.985715
  -0.231429 -0.129429 -1.026857
  Kd 0.75
  Ks 0.45
  Ka 0.15
  Od 0.82 0.82 0.86
  Os 1.0 1.0 1.0
  Kgls 48.0
  Refl 0.25

Triangle
  -0.18 -0.042 -0.975429
  -0.231429 -0.129429 -1.026857
  -0.133714 -0.088286 -1.011429
  Kd 0.75
  Ks 0.45
  Ka 0.15
  Od 0.82 0.82 0.86
  Os 1.0 1.0 1.0
  Kgls 48.0
  Refl 0.25

Triangle
  0.133715 -0.088286 -1.011429
  0.102857 -0.114 -1.073143
  0.231429 -0.165429 -1.093714
  Kd 0.75
  Ks 0.45
  Ka 0.15
  Od 0.82 0.82 0.86
  Os 1.0 1.0 1.0
  Kgls 48.0
  Refl 0.25

Triangle
  0.133715 -0.088286 -1.011429
  0.231429 -0.165429 -1.093714
  0.231429 -0.129429 -1.026857
  Kd 0.75
  Ks 0.45
  Ka 0.15
  Od 0.82 0.82 0.86
  Os 1.0 1.0 1.0
  Kgls 48.0
  Refl 0.25

Triangle
  -0.133714 -0.088286 -1.011429
  -0.231429 -0.129429 -1.026857
  -0.231429 -0.165429 -1.093714
  Kd 0.75
  Ks 0.45
  Ka 0.15
  Od 0.82 0.82 0.86
  Os 1.0 1.0 1.0
  Kgls 48.0
  Refl 0.25

Triangle
  -0.133714 -0.088286 -1.011429
  -0.231429 -0.165429 -1.093714
  -0.102857 -0.114 -1.073143
  Kd 0.75
  Ks 0.45
  Ka 0.15
  Od 0.82 0.82 0.86
  Os 1.0 1.0 1.0
  Kgls 48.0
  Refl 0.25

Triangle
  0.092572 0.009428 -1.011429
  0.051429 0.009428 -1.068
  0.102857 -0.114 -1.073143
  Kd 0.75
  Ks 0.45
  Ka 0.15
  Od 0.82 0.82 0.86
  Os 1.0 1.0 1.0
  Kgls 48.0
  Refl 0.25

Triangle
  0.092572 0.009428 -1.011429
  0.102857 -0.114 -1.073143
  0.133715 -0.088286 -1.011429
  Kd 0.75
  Ks 0.45
  Ka 0.15
  Od 0.82 0.82 0.86
  Os 1.0 1.0 1.0
  Kgls 48.0
  Refl 0.25

Triangle
  -0.092571 0.009428 -1.011429
  -0.133714 -0.088286 -1.011429
  -0.102857 -0.114 -1.073143
  Kd 0.75
  Ks 0.45
  Ka 0.15
  Od 0.82 0.82 0.86
  Os 1.0 1.0 1.0
  Kgls 48.0
  Refl 0.25

Triangle
  -0.092571 0.009428 -1.011429
  -0.102857 -0.114 -1.073143
  -0.051428 0.009428 -1.068
  Kd 0.75
  Ks 0.45
  Ka 0.15
  Od 0.82 0.82 0.86
  Os 1.0 1.0 1.0
  Kgls 48.0
  Refl 0.25

Triangle
  0.159429 0.009428 -0.975429
  0.092572 0.009428 -1.011429
  0.133715 -0.088286 -1.011429
  Kd 0.75
  Ks 0.45
  Ka 0.15
  Od 0.82 0.82 0.86
  Os 1.0 1.0 1.0
  Kgls 48.0
  Refl 0.25

Triangle
  0.159429 0.009428 -0.975429
  0.133715 -0.088286 -1.011429
  0.18 -0.042 -0.975429
  Kd 0.75
  Ks 0.45
  Ka 0.15
  Od 0.82 0.82 0.86
  Os 1.0 1.0 1.0
  Kgls 48.0
  Refl 0.25

Triangle
  -0.159429 0.009428 -0.975429
  -0.18 -0.042 -0.975429
  -0.133714 -0.088286 -1.011429
  Kd 0.75
  Ks 0.45
  Ka 0.15
  Od 0.82 0.82 0.86
  Os 1.0 1.0 1.0
  Kgls 48.0
  Refl 0.25

Triangle
  -0.159429 0.009428 -0.975429
  -0.133714 -0.088286 -1.011429
  -0.092571 0.009428 -1.011429
  Kd 0.75
  Ks 0.45
  Ka 0.15
  Od 0.82 0.82 0.86
  Os 1.0 1.0 1.0
  Kgls 48.0
  Refl 0.25

Triangle
  0.18 0.066 -0.975429
  0.133715 0.107143 -1.011429
  0.092572 0.009428 -1.011429
  Kd 0.75
  Ks 0.45
  Ka 0.15
  Od 0.82 0.82 0.86
  Os 1.0 1.0 1.0
  Kgls 48.0
  Refl 0.25

Triangle
  0.18 0.066 -0.975429
  0.092572 0.009428 -1.011429
  0.159429 0.009428 -0.975429
  Kd 0.75
  Ks 0.45
  Ka 0.15
  Od 0.82 0.82 0.86
  Os 1.0 1.0 1.0
  Kgls 48.0
  Refl 0.25

Triangle
  -0.18 0.066 -0.975429
  -0.159429 0.009428 -0.975429
  -0.092571 0.009428 -1.011429
  Kd 0.75
  Ks 0.45
  Ka 0.15
  Od 0.82 0.82 0.86
  Os 1.0 1.0 1.0
  Kgls 48.0
  Refl 0.25

Triangle
  -0.18 0.066 -0.975429
  -0.092571 0.009428 -1.011429
  -0.133714 0.107143 -1.011429
  Kd 0.75
  Ks 0.45
  Ka 0.15
  Od 0.82 0.82 0.86
  Os 1.0 1.0 1.0
  Kgls 48.0
  Refl 0.25

Triangle
  0.133715 0.107143 -1.011429
  0.102857 0.138 -1.073143
  0.051429 0.009428 -1.068
  Kd 0.75
  Ks 0.45
  Ka 0.15
  Od 0.82 0.82 0.86
  Os 1.0 1.0 1.0
  Kgls 48.0
  Refl 0.25

Triangle
  0.133715 0.107143 -1.011429
  0.051429 0.009428 -1.068
  0.092572 0.009428 -1.011429
  Kd 0.75
  Ks 0.45
  Ka 0.15
  Od 0.82 0.82 0.86
  Os 1.0 1.0 1.0
  Kgls 48.0
  Refl 0.25

Triangle
  -0.133714 0.107143 -1.011429
  -0.092571 0.009428 -1.011429
  -0.051428 0.009428 -1.068
  Kd 0.75
  Ks 0.45
  Ka 0.15
  Od 0.82 0.82 0.86
  Os 1.0 1.0 1.0
  Kgls 48.0
  Refl 0.25

Triangle
  -0.133714 0.107143 -1.011429
  -0.051428 0.009428 -1.068
  -0.102857 0.138 -1.073143
  Kd 0.75
  Ks 0.45
  Ka 0.15
  Od 0.82 0.82 0.86
  Os 1.0 1.0 1.0
  Kgls 48.0
  Refl 0.25

Triangle
  0.231429 0.148286 -1.026857
  0.231429 0.189429 -1.093714
  0.102857 0.138 -1.073143
  Kd 0.75
  Ks 0.45
  Ka 0.15
  Od 0.82 0.82 0.86
  Os 1.0 1.0 1.0
  Kgls 48.0
  Refl 0.25

Triangle
  0.231429 0.148286 -1.026857
  0.102857 0.138 -1.073143
  0.133715 0.107143 -1.011429
  Kd 0.75
  Ks 0.45
  Ka 0.15
  Od 0.82 0.82 0.86
  Os 1.0 1.0 1.0
  Kgls 48.0
  Refl 0.25

Triangle
  -0.231429 0.148286 -1.026857
  -0.133714 0.107143 -1.011429
  -0.102857 0.138 -1.073143
  Kd 0.75
  Ks 0.45
  Ka 0.15
  Od 0.82 0.82 0.86
  Os 1.0 1.0 1.0
  Kgls 48.0
  Refl 0.25

Triangle
  -0.231429 0.148286 -1.026857
  -0.102857 0.138 -1.073143
  -0.231429 0.189429 -1.093714
  Kd 0.75
  Ks 0.45
  Ka 0.15
  Od 0.82 0.82 0.86
  Os 1.0 1.0 1.0
  Kgls 48.0
  Refl 0.25

Triangle
  0.231429 0.086571 -0.985715
  0.231429 0.148286 -1.026857
  0.133715 0.107143 -1.011429
  Kd 0.75
  Ks 0.45
  Ka 0.15
  Od 0.82 0.82 0.86
  Os 1.0 1.0 1.0
  Kgls 48.0
  Refl 0.25

Triangle
  0.231429 0.086571 -0.985715
  0.133715 0.107143 -1.011429
  0.18 0.066 -0.975429
  Kd 0.75
  Ks 0.45
  Ka 0.15
  Od 0.82 0.82 0.86
  Os 1.0 1.0 1.0
  Kgls 48.0
  Refl 0.25

Triangle
  -0.231429 0.086571 -0.985715
  -0.18 0.066 -0.975429
  -0.133714 0.107143 -1.011429
  Kd 0.75
  Ks 0.45
  Ka 0.15
  Od 0.82 0.82 0.86
  Os 1.0 1.0 1.0
  Kgls 48.0
  Refl 0.25

Triangle
  -0.231429 0.086571 -0.985715
  -0.133714 0.107143 -1.011429
  -0.231429 0.148286 -1.026857
  Kd 0.75
  Ks 0.45
  Ka 0.15
  Od 0.82 0.82 0.86
  Os 1.0 1.0 1.0
  Kgls 48.0
  Refl 0.25

Triangle
  0.288 0.066 -0.996
  0.329143 0.107143 -1.047429
  0.231429 0.148286 -1.026857
  Kd 0.75
  Ks 0.45
  Ka 0.15
  Od 0.82 0.82 0.86
  Os 1.0 1.0 1.0
  Kgls 48.0
  Refl 0.25

Triangle
  0.288 0.066 -0.996
  0.231429 0.148286 -1.026857
  0.231429 0.086571 -0.985715
  Kd 0.75
  Ks 0.45
  Ka 0.15
  Od 0.82 0.82 0.86
  Os 1.0 1.0 1.0
  Kgls 48.0
  Refl 0.25

Triangle
  -0.288 0.066 -0.996
  -0.231429 0.086571 -0.985715
  -0.231429 0.148286 -1.026857
  Kd 0.75
  Ks 0.45
  Ka 0.15
  Od 0.82 0.82 0.86
  Os 1.0 1.0 1.0
  Kgls 48.0
  Refl 0.25

Triangle
  -0.288 0.066 -0.996
  -0.231429 0.148286 -1.026857
  -0.329143 0.107143 -1.047429
  Kd 0.75
  Ks 0.45
  Ka 0.15
  Od 0.82 0.82 0.86
  Os 1.0 1.0 1.0
  Kgls 48.0
  Refl 0.25

Triangle
  0.329143 0.107143 -1.047429
  0.36 0.138 -1.119429
  0.231429 0.189429 -1.093714
  Kd 0.75
  Ks 0.45
  Ka 0.15
  Od 0.82 0.82 0.86
  Os 1.0 1.0 1.0
  Kgls 48.0
  Refl 0.25

Triangle
  0.329143 0.107143 -1.047429
  0.231429 0.189429 -1.093714
  0.231429 0.148286 -1.026857
  Kd 0.75
  Ks 0.45
  Ka 0.15
  Od 0.82 0.82 0.86
  Os 1.0 1.0 1.0
  Kgls 48.0
  Refl 0.25

Triangle
  -0.329143 0.107143 -1.047429
  -0.231429 0.148286 -1.026857
  -0.231429 0.189429 -1.093714
  Kd 0.75
  Ks 0.45
  Ka 0.15
  Od 0.82 0.82 0.86
  Os 1.0 1.0 1.0
  Kgls 48.0
  Refl 0.25

Triangle
  -0.329143 0.107143 -1.047429
  -0.231429 0.189429 -1.093714
  -0.36 0.138 -1.119429
  Kd 0.75
  Ks 0.45
  Ka 0.15
  Od 0.82 0.82 0.86
  Os 1.0 1.0 1.0
  Kgls 48.0
  Refl 0.25

Triangle
  0.370286 0.009428 -1.057715
  0.411429 0.009428 -1.129715
  0.36 0.138 -1.119429
  Kd 0.75
  Ks 0.45
  Ka 0.15
  Od 0.82 0.82 0.86
  Os 1.0 1.0 1.0
  Kgls 48.0
  Refl 0.25

Triangle
  0.370286 0.009428 -1.057715
  0.36 0.138 -1.119429
  0.329143 0.107143 -1.047429
  Kd 0.75
  Ks 0.45
  Ka 0.15
  Od 0.82 0.82 0.86
  Os 1.0 1.0 1.0
  Kgls 48.0
  Refl 0.25

Triangle
  -0.370285 0.009428 -1.057715
  -0.329143 0.107143 -1.047429
  -0.36 0.138 -1.119429
  Kd 0.75
  Ks 0.45
  Ka 0.15
  Od 0.82 0.82 0.86
  Os 1.0 1.0 1.0
  Kgls 48.0
  Refl 0.25

Triangle
  -0.370285 0.009428 -1.057715
  -0.36 0.138 -1.119429
  -0.411428 0.009428 -1.129715
  Kd 0.75
  Ks 0.45
  Ka 0.15
  Od 0.82 0.82 0.86
  Os 1.0 1.0 1.0
  Kgls 48.0
  Refl 0.25

Triangle
  0.308572 0.009428 -1.001143
  0.370286 0.009428 -1.057715
  0.329143 0.107143 -1.047429
  Kd 0.75
  Ks 0.45
  Ka 0.15
  Od 0.82 0.82 0.86
  Os 1.0 1.0 1.0
  Kgls 48.0
  Refl 0.25

Triangle
  0.308572 0.009428 -1.001143
  0.329143 0.107143 -1.047429
  0.288 0.066 -0.996
  Kd 0.75
  Ks 0.45
  Ka 0.15
  Od 0.82 0.82 0.86
  Os 1.0 1.0 1.0
  Kgls 48.0
  Refl 0.25

Triangle
  -0.308571 0.009428 -1.001143
  -0.288 0.066 -0.996
  -0.329143 0.107143 -1.047429
  Kd 0.75
  Ks 0.45
  Ka 0.15
  Od 0.82 0.82 0.86
  Os 1.0 1.0 1.0
  Kgls 48.0
  Refl 0.25

Triangle
  -0.308571 0.009428 -1.001143
  -0.329143 0.107143 -1.047429
  -0.370285 0.009428 -1.057715
  Kd 0.75
  Ks 0.45
  Ka 0.15
  Od 0.82 0.82 0.86
  Os 1.0 1.0 1.0
  Kgls 48.0
  Refl 0.25

Triangle
  0.288 0.066 -0.996
  0.293143 0.071143 -0.985715
  0.313714 0.009428 -0.990857
  Kd 0.75
  Ks 0.45
  Ka 0.15
  Od 0.82 0.82 0.86
  Os 1.0 1.0 1.0
  Kgls 48.0
  Refl 0.25

Triangle
  0.288 0.066 -0.996
  0.313714 0.009428 -0.990857
  0.308572 0.009428 -1.001143
  Kd 0.75
  Ks 0.45
  Ka 0.15
  Od 0.82 0.82 0.86
  Os 1.0 1.0 1.0
  Kgls 48.0
  Refl 0.25

Triangle
  -0.288 0.066 -0.996
  -0.308571 0.009428 -1.001143
  -0.313714 0.009428 -0.990857
  Kd 0.75
  Ks 0.45
  Ka 0.15
  Od 0.82 0.82 0.86
  Os 1.0 1.0 1.0
  Kgls 48.0
  Refl 0.25

Triangle
  -0.288 0.066 -0.996
  -0.313714 0.009428 -0.990857
  -0.293143 0.071143 -0.985715
  Kd 0.75
  Ks 0.45
  Ka 0.15
  Od 0.82 0.82 0.86
  Os 1.0 1.0 1.0
  Kgls 48.0
  Refl 0.25

Triangle
  0.231429 0.086571 -0.985715
  0.231429 0.096857 -0.970286
  0.293143 0.071143 -0.985715
  Kd 0.75
  Ks 0.45
  Ka 0.15
  Od 0.82 0.82 0.86
  Os 1.0 1.0 1.0
  Kgls 48.0
  Refl 0.25

Triangle
  0.231429 0.086571 -0.985715
  0.293143 0.071143 -0.985715
  0.288 0.066 -0.996
  Kd 0.75
  Ks 0.45
  Ka 0.15
  Od 0.82 0.82 0.86
  Os 1.0 1.0 1.0
  Kgls 48.0
  Refl 0.25

Triangle
  -0.231429 0.086571 -0.985715
  -0.288 0.066 -0.996
  -0.293143 0.071143 -0.985715
  Kd 0.75
  Ks 0.45
  Ka 0.15
  Od 0.82 0.82 0.86
  Os 1.0 1.0 1.0
  Kgls 48.0
  Refl 0.25

Triangle
  -0.231429 0.086571 -0.985715
  -0.293143 0.071143 -0.985715
  -0.231429 0.096857 -0.970286
  Kd 0.75
  Ks 0.45
  Ka 0.15
  Od 0.82 0.82 0.86
  Os 1.0 1.0 1.0
  Kgls 48.0
  Refl 0.25

Triangle
  0.18 0.066 -0.975429
  0.174857 0.071143 -0.96
  0.231429 0.096857 -0.970286
  Kd 0.75
  Ks 0.45
  Ka 0.15
  Od 0.82 0.82 0.86
  Os 1.0 1.0 1.0
  Kgls 48.0
  Refl 0.25

Triangle
  0.18 0.066 -0.975429
  0.231429 0.096857 -0.970286
  0.231429 0.086571 -0.985715
  Kd 0.75
  Ks 0.45
  Ka 0.15
  Od 0.82 0.82 0.86
  Os 1.0 1.0 1.0
  Kgls 48.0
  Refl 0.25

Triangle
  -0.18 0.066 -0.975429
  -0.231429 0.086571 -0.985715
  -0.231429 0.096857 -0.970286
  Kd 0.75
  Ks 0.45
  Ka 0.15
  Od 0.82 0.82 0.86
  Os 1.0 1.0 1.0
  Kgls 48.0
  Refl 0.25

Triangle
  -0.18 0.066 -0.975429
  -0.231429 0.096857 -0.970286
  -0.174857 0.071143 -0.96
  Kd 0.75
  Ks 0.45
  Ka 0.15
  Od 0.82 0.82 0.86
  Os 1.0 1.0 1.0
  Kgls 48.0
  Refl 0.25

Triangle
  0.159429 0.009428 -0.975429
  0.149143 0.009428 -0.96
  0.174857 0.071143 -0.96
  Kd 0.75
  Ks 0.45
  Ka 0.15
  Od 0.82 0.82 0.86
  Os 1.0 1.0 1.0
  Kgls 48.0
  Refl 0.25

Triangle
  0.159429 0.009428 -0.975429
  0.174857 0.071143 -0.96
  0.18 0.066 -0.975429
  Kd 0.75
  Ks 0.45
  Ka 0.15
  Od 0.82 0.82 0.86
  Os 1.0 1.0 1.0
  Kgls 48.0
  Refl 0.25

Triangle
  -0.159429 0.009428 -0.975429
  -0.18 0.066 -0.975429
  -0.174857 0.071143 -0.96
  Kd 0.75
  Ks 0.45
  Ka 0.15
  Od 0.82 0.82 0.86
  Os 1.0 1.0 1.0
  Kgls 48.0
  Refl 0.25

Triangle
  -0.159429 0.009428 -0.975429
  -0.174857 0.071143 -0.96
  -0.149143 0.009428 -0.96
  Kd 0.75
  Ks 0.45
  Ka 0.15
  Od 0.82 0.82 0.86
  Os 1.0 1.0 1.0
  Kgls 48.0
  Refl 0.25

Triangle
  0.18 -0.042 -0.975429
  0.174857 -0.047143 -0.96
  0.149143 0.009428 -0.96
  Kd 0.75
  Ks 0.45
  Ka 0.15
  Od 0.82 0.82 0.86
  Os 1.0 1.0 1.0
  Kgls 48.0
  Refl 0.25

Triangle
  0.18 -0.042 -0.975429
  0.149143 0.009428 -0.96
  0.159429 0.009428 -0.975429
  Kd 0.75
  Ks 0.45
  Ka 0.15
  Od 0.82 0.82 0.86
  Os 1.0 1.0 1.0
  Kgls 48.0
  Refl 0.25

Triangle
  -0.18 -0.042 -0.975429
  -0.159429 0.009428 -0.975429
  -0.149143 0.009428 -0.96
  Kd 0.75
  Ks 0.45
  Ka 0.15
  Od 0.82 0.82 0.86
  Os 1.0 1.0 1.0
  Kgls 48.0
  Refl 0.25

Triangle
  -0.18 -0.042 -0.975429
  -0.149143 0.009428 -0.96
  -0.174857 -0.047143 -0.96
  Kd 0.75
  Ks 0.45
  Ka 0.15
  Od 0.82 0.82 0.86
  Os 1.0 1.0 1.0
  Kgls 48.0
  Refl 0.25

Triangle
  0.231429 -0.062572 -0.985715
  0.231429 -0.072857 -0.970286
  0.174857 -0.047143 -0.96
  Kd 0.75
  Ks 0.45
  Ka 0.15
  Od 0.82 0.82 0.86
  Os 1.0 1.0 1.0
  Kgls 48.0
  Refl 0.25

Triangle
  0.231429 -0.062572 -0.985715
  0.174857 -0.047143 -0.96
  0.18 -0.042 -0.975429
  Kd 0.75
  Ks 0.45
  Ka 0.15
  Od 0.82 0.82 0.86
  Os 1.0 1.0 1.0
  Kgls 48.0
  Refl 0.25

Triangle
  -0.231429 -0.062572 -0.985715
  -0.18 -0.042 -0.975429
  -0.174857 -0.047143 -0.96
  Kd 0.75
  Ks 0.45
  Ka 0.15
  Od 0.82 0.82 0.86
  Os 1.0 1.0 1.0
  Kgls 48.0
  Refl 0.25

Triangle
  -0.231429 -0.062572 -0.985715
  -0.174857 -0.047143 -0.96
  -0.231429 -0.072857 -0.970286
  Kd 0.75
  Ks 0.45
  Ka 0.15
  Od 0.82 0.82 0.86
  Os 1.0 1.0 1.0
  Kgls 48.0
  Refl 0.25

Triangle
  0.288 -0.042 -0.996
  0.293143 -0.047143 -0.985715
  0.231429 -0.072857 -0.970286
  Kd 0.75
  Ks 0.45
  Ka 0.15
  Od 0.82 0.82 0.86
  Os 1.0 1.0 1.0
  Kgls 48.0
  Refl 0.25

Triangle
  0.288 -0.042 -0.996
  0.231429 -0.072857 -0.970286
  0.231429 -0.062572 -0.985715
  Kd 0.75
  Ks 0.45
  Ka 0.15
  Od 0.82 0.82 0.86
  Os 1.0 1.0 1.0
  Kgls 48.0
  Refl 0.25

Triangle
  -0.288 -0.042 -0.996
  -0.231429 -0.062572 -0.985715
  -0.231429 -0.072857 -0.970286
  Kd 0.75
  Ks 0.45
  Ka 0.15
  Od 0.82 0.82 0.86
  Os 1.0 1.0 1.0
  Kgls 48.0
  Refl 0.25

Triangle
  -0.288 -0.042 -0.996
  -0.231429 -0.072857 -0.970286
  -0.293143 -0.047143 -0.985715
  Kd 0.75
  Ks 0.45
  Ka 0.15
  Od 0.82 0.82 0.86
  Os 1.0 1.0 1.0
  Kgls 48.0
  Refl 0.25

Triangle
  0.308572 0.009428 -1.001143
  0.313714 0.009428 -0.990857
  0.293143 -0.047143 -0.985715
  Kd 0.75
  Ks 0.45
  Ka 0.15
  Od 0.82 0.82 0.86
  Os 1.0 1.0 1.0
  Kgls 48.0
  Refl 0.25

Triangle
  0.308572 0.009428 -1.001143
  0.293143 -0.047143 -0.985715
  0.288 -0.042 -0.996
  Kd 0.75
  Ks 0.45
  Ka 0.15
  Od 0.82 0.82 0.86
  Os 1.0 1.0 1.0
  Kgls 48.0
  Refl 0.25

Triangle
  -0.308571 0.009428 -1.001143
  -0.288 -0.042 -0.996
  -0.293143 -0.047143 -0.985715
  Kd 0.75
  Ks 0.45
  Ka 0.15
  Od 0.82 0.82 0.86
  Os 1.0 1.0 1.0
  Kgls 48.0
  Refl 0.25

Triangle
  -0.308571 0.009428 -1.001143
  -0.293143 -0.047143 -0.985715
  -0.313714 0.009428 -0.990857
  Kd 0.75
  Ks 0.45
  Ka 0.15
  Od 0.82 0.82 0.86
  Os 1.0 1.0 1.0
  Kgls 48.0
  Refl 0.25

Triangle
  0.293143 -0.047143 -0.985715
  0.313714 0.009428 -0.990857
  0.231429 0.009428 -0.954857
  Kd 0.75
  Ks 0.45
  Ka 0.15
  Od 0.82 0.82 0.86
  Os 1.0 1.0 1.0
  Kgls 48.0
  Refl 0.25

Triangle
  -0.293143 -0.047143 -0.985715
  -0.231429 0.009428 -0.954857
  -0.313714 0.009428 -0.990857
  Kd 0.75
  Ks 0.45
  Ka 0.15
  Od 0.82 0.82 0.86
  Os 1.0 1.0 1.0
  Kgls 48.0
  Refl 0.25

Triangle
  0.293143 -0.047143 -0.985715
  0.231429 0.009428 -0.954857
  0.231429 -0.072857 -0.970286
  Kd 0.75
  Ks 0.45
  Ka 0.15
  Od 0.82 0.82 0.86
  Os 1.0 1.0 1.0
  Kgls 48.0
  Refl 0.25

Triangle
  -0.293143 -0.047143 -0.985715
  -0.231429 -0.072857 -0.970286
  -0.231429 0.009428 -0.954857
  Kd 0.75
  Ks 0.45
  Ka 0.15
  Od 0.82 0.82 0.86
  Os 1.0 1.0 1.0
  Kgls 48.0
  Refl 0.25

Triangle
  0.174857 -0.047143 -0.96
  0.231429 -0.072857 -0.970286
  0.231429 0.009428 -0.954857
  Kd 0.75
  Ks 0.45
  Ka 0.15
  Od 0.82 0.82 0.86
  Os 1.0 1.0 1.0
  Kgls 48.0
  Refl 0.25

Triangle
  -0.174857 -0.047143 -0.96
  -0.231429 0.009428 -0.954857
  -0.231429 -0.072857 -0.970286
  Kd 0.75
  Ks 0.45
  Ka 0.15
  Od 0.82 0.82 0.86
  Os 1.0 1.0 1.0
  Kgls 48.0
  Refl 0.25

Triangle
  0.149143 0.009428 -0.96
  0.174857 -0.047143 -0.96
  0.231429 0.009428 -0.954857
  Kd 0.75
  Ks 0.45
  Ka 0.15
  Od 0.82 0.82 0.86
  Os 1.0 1.0 1.0
  Kgls 48.0
  Refl 0.25

Triangle
  -0.149143 0.009428 -0.96
  -0.231429 0.009428 -0.954857
  -0.174857 -0.047143 -0.96
  Kd 0.75
  Ks 0.45
  Ka 0.15
  Od 0.82 0.82 0.86
  Os 1.0 1.0 1.0
  Kgls 48.0
  Refl 0.25

Triangle
  0.174857 0.071143 -0.96
  0.149143 0.009428 -0.96
  0.231429 0.009428 -0.954857
  Kd 0.75
  Ks 0.45
  Ka 0.15
  Od 0.82 0.82 0.86
  Os 1.0 1.0 1.0
  Kgls 48.0
  Refl 0.25

Triangle
  -0.174857 0.071143 -0.96
  -0.231429 0.009428 -0.954857
  -0.149143 0.009428 -0.96
  Kd 0.75
  Ks 0.45
  Ka 0.15
  Od 0.82 0.82 0.86
  Os 1.0 1.0 1.0
  Kgls 48.0
  Refl 0.25

Triangle
  0.231429 0.096857 -0.970286
  0.174857 0.071143 -0.96
  0.231429 0.009428 -0.954857
  Kd 0.75
  Ks 0.45
  Ka 0.15
  Od 0.82 0.82 0.86
  Os 1.0 1.0 1.0
  Kgls 48.0
  Refl 0.25

Triangle
  -0.231429 0.096857 -0.970286
  -0.231429 0.009428 -0.954857
  -0.174857 0.071143 -0.96
  Kd 0.75
  Ks 0.45
  Ka 0.15
  Od 0.82 0.82 0.86
  Os 1.0 1.0 1.0
  Kgls 48.0
  Refl 0.25

Triangle
  0.293143 0.071143 -0.985715
  0.231429 0.096857 -0.970286
  0.231429 0.009428 -0.954857
  Kd 0.75
  Ks 0.45
  Ka 0.15
  Od 0.82 0.82 0.86
  Os 1.0 1.0 1.0
  Kgls 48.0
  Refl 0.25

Triangle
  -0.293143 0.071143 -0.985715
  -0.231429 0.009428 -0.954857
  -0.231429 0.096857 -0.970286
  Kd 0.75
  Ks 0.45
  Ka 0.15
  Od 0.82 0.82 0.86
  Os 1.0 1.0 1.0
  Kgls 48.0
  Refl 0.25

Triangle
  0.313714 0.009428 -0.990857
  0.293143 0.071143 -0.985715
  0.231429 0.009428 -0.954857
  Kd 0.75
  Ks 0.45
  Ka 0.15
  Od 0.82 0.82 0.86
  Os 1.0 1.0 1.0
  Kgls 48.0
  Refl 0.25

Triangle
  -0.313714 0.009428 -0.990857
  -0.231429 0.009428 -0.954857
  -0.293143 0.071143 -0.985715
  Kd 0.75
  Ks 0.45
  Ka 0.15
  Od 0.82 0.82 0.86
  Os 1.0 1.0 1.0
  Kgls 48.0
  Refl 0.25

Triangle
  0.108 -0.762 -1.083429
  0 -0.772286 -1.078286
  0 -0.798 -1.119429
  Kd 0.75
  Ks 0.45
  Ka 0.15
  Od 0.82 0.82 0.86
  Os 1.0 1.0 1.0
  Kgls 48.0
  Refl 0.25

Triangle
  0.108 -0.762 -1.083429
  0 -0.798 -1.119429
  0.118286 -0.787714 -1.134857
  Kd 0.75
  Ks 0.45
  Ka 0.15
  Od 0.82 0.82 0.86
  Os 1.0 1.0 1.0
  Kgls 48.0
  Refl 0.25

Triangle
  -0.108 -0.762 -1.083429
  -0.118286 -0.787714 -1.134857
  0 -0.798 -1.119429
  Kd 0.75
  Ks 0.45
  Ka 0.15
  Od 0.82 0.82 0.86
  Os 1.0 1.0 1.0
  Kgls 48.0
  Refl 0.25

Triangle
  -0.108 -0.762 -1.083429
  0 -0.798 -1.119429
  0 -0.772286 -1.078286
  Kd 0.75
  Ks 0.45
  Ka 0.15
  Od 0.82 0.82 0.86
  Os 1.0 1.0 1.0
  Kgls 48.0
  Refl 0.25

Triangle
  0.154286 -0.751715 -1.083429
  0.108 -0.762 -1.083429
  0.118286 -0.787714 -1.134857
  Kd 0.75
  Ks 0.45
  Ka 0.15
  Od 0.82 0.82 0.86
  Os 1.0 1.0 1.0
  Kgls 48.0
  Refl 0.25

Triangle
  0.154286 -0.751715 -1.083429
  0.118286 -0.787714 -1.134857
  0.216 -0.772286 -1.155429
  Kd 0.75
  Ks 0.45
  Ka 0.15
  Od 0.82 0.82 0.86
  Os 1.0 1.0 1.0
  Kgls 48.0
  Refl 0.25

Triangle
  -0.154285 -0.751715 -1.083429
  -0.216 -0.772286 -1.155429
  -0.118286 -0.787714 -1.134857
  Kd 0.75
  Ks 0.45
  Ka 0.15
  Od 0.82 0.82 0.86
  Os 1.0 1.0 1.0
  Kgls 48.0
  Refl 0.25

Triangle
  -0.154285 -0.751715 -1.083429
  -0.118286 -0.787714 -1.134857
  -0.108 -0.762 -1.083429
  Kd 0.75
  Ks 0.45
  Ka 0.15
  Od 0.82 0.82 0.86
  Os 1.0 1.0 1.0
  Kgls 48.0
  Refl 0.25

Triangle
  0.174857 -0.69 -1.062857
  0.154286 -0.751715 -1.083429
  0.216 -0.772286 -1.155429
  Kd 0.75
  Ks 0.45
  Ka 0.15
  Od 0.82 0.82 0.86
  Os 1.0 1.0 1.0
  Kgls 48.0
  Refl 0.25

Triangle
  0.174857 -0.69 -1.062857
  0.216 -0.772286 -1.155429
  0.241714 -0.736286 -1.150286
  Kd 0.75
  Ks 0.45
  Ka 0.15
  Od 0.82 0.82 0.86
  Os 1.0 1.0 1.0
  Kgls 48.0
  Refl 0.25

Triangle
  -0.174857 -0.69 -1.062857
  -0.241714 -0.736286 -1.150286
  -0.216 -0.772286 -1.155429
  Kd 0.75
  Ks 0.45
  Ka 0.15
  Od 0.82 0.82 0.86
  Os 1.0 1.0 1.0
  Kgls 48.0
  Refl 0.25

Triangle
  -0.174857 -0.69 -1.062857
  -0.216 -0.772286 -1.155429
  -0.154285 -0.751715 -1.083429
  Kd 0.75
  Ks 0.45
  Ka 0.15
  Od 0.82 0.82 0.86
  Os 1.0 1.0 1.0
  Kgls 48.0
  Refl 0.25

Triangle
  0.164572 -0.612857 -1.047429
  0.174857 -0.69 -1.062857
  0.241714 -0.736286 -1.150286
  Kd 0.75
  Ks 0.45
  Ka 0.15
  Od 0.82 0.82 0.86
  Os 1.0 1.0 1.0
  Kgls 48.0
  Refl 0.25

Triangle
  0.164572 -0.612857 -1.047429
  0.241714 -0.736286 -1.150286
  0.231429 -0.607715 -1.124571
  Kd 0.75
  Ks 0.45
  Ka 0.15
  Od 0.82 0.82 0.86
  Os 1.0 1.0 1.0
  Kgls 48.0
  Refl 0.25

Triangle
  -0.164571 -0.612857 -1.047429
  -0.231429 -0.607715 -1.124571
  -0.241714 -0.736286 -1.150286
  Kd 0.75
  Ks 0.45
  Ka 0.15
  Od 0.82 0.82 0.86
  Os 1.0 1.0 1.0
  Kgls 48.0
  Refl 0.25

Triangle
  -0.164571 -0.612857 -1.047429
  -0.241714 -0.736286 -1.150286
  -0.174857 -0.69 -1.062857
  Kd 0.75
  Ks 0.45
  Ka 0.15
  Od 0.82 0.82 0.86
  Os 1.0 1.0 1.0
  Kgls 48.0
  Refl 0.25

Triangle
  0.138857 -0.443143 -1.032
  0.164572 -0.612857 -1.047429
  0.231429 -0.607715 -1.124571
  Kd 0.75
  Ks 0.45
  Ka 0.15
  Od 0.82 0.82 0.86
  Os 1.0 1.0 1.0
  Kgls 48.0
  Refl 0.25

Triangle
  0.138857 -0.443143 -1.032
  0.231429 -0.607715 -1.124571
  0.205715 -0.438 -1.124571
  Kd 0.75
  Ks 0.45
  Ka 0.15
  Od 0.82 0.82 0.86
  Os 1.0 1.0 1.0
  Kgls 48.0
  Refl 0.25

Triangle
  -0.138857 -0.443143 -1.032
  -0.205714 -0.438 -1.124571
  -0.231429 -0.607715 -1.124571
  Kd 0.75
  Ks 0.45
  Ka 0.15
  Od 0.82 0.82 0.86
  Os 1.0 1.0 1.0
  Kgls 48.0
  Refl 0.25

Triangle
  -0.138857 -0.443143 -1.032
  -0.231429 -0.607715 -1.124571
  -0.164571 -0.612857 -1.047429
  Kd 0.75
  Ks 0.45
  Ka 0.15
  Od 0.82 0.82 0.86
  Os 1.0 1.0 1.0
  Kgls 48.0
  Refl 0.25

Triangle
  0.288 -0.242571 -1.150286
  0.262286 -0.180857 -1.057715
  0.082286 -0.216857 -0.965143
  Kd 0.75
  Ks 0.45
  Ka 0.15
  Od 0.82 0.82 0.86
  Os 1.0 1.0 1.0
  Kgls 48.0
  Refl 0.25

Triangle
  0.288 -0.242571 -1.150286
  0.082286 -0.216857 -0.965143
  0.133715 -0.273429 -1.129715
  Kd 0.75
  Ks 0.45
  Ka 0.15
  Od 0.82 0.82 0.86
  Os 1.0 1.0 1.0
  Kgls 48.0
  Refl 0.25

Triangle
  -0.288 -0.242571 -1.150286
  -0.133714 -0.273429 -1.129715
  -0.082285 -0.216857 -0.965143
  Kd 0.75
  Ks 0.45
  Ka 0.15
  Od 0.82 0.82 0.86
  Os 1.0 1.0 1.0
  Kgls 48.0
  Refl 0.25

Triangle
  -0.288 -0.242571 -1.150286
  -0.082285 -0.216857 -0.965143
  -0.262286 -0.180857 -1.057715
  Kd 0.75
  Ks 0.45
  Ka 0.15
  Od 0.82 0.82 0.86
  Os 1.0 1.0 1.0
  Kgls 48.0
  Refl 0.25

Triangle
  0.416571 -0.175715 -1.145143
  0.406286 -0.114 -1.088572
  0.262286 -0.180857 -1.057715
  Kd 0.75
  Ks 0.45
  Ka 0.15
  Od 0.82 0.82 0.86
  Os 1.0 1.0 1.0
  Kgls 48.0
  Refl 0.25

Triangle
  0.416571 -0.175715 -1.145143
  0.262286 -0.180857 -1.057715
  0.288 -0.242571 -1.150286
  Kd 0.75
  Ks 0.45
  Ka 0.15
  Od 0.82 0.82 0.86
  Os 1.0 1.0 1.0
  Kgls 48.0
  Refl 0.25

Triangle
  -0.416571 -0.175715 -1.145143
  -0.288 -0.242571 -1.150286
  -0.262286 -0.180857 -1.057715
  Kd 0.75
  Ks 0.45
  Ka 0.15
  Od 0.82 0.82 0.86
  Os 1.0 1.0 1.0
  Kgls 48.0
  Refl 0.25

Triangle
  -0.416571 -0.175715 -1.145143
  -0.262286 -0.180857 -1.057715
  -0.406286 -0.114 -1.088572
  Kd 0.75
  Ks 0.45
  Ka 0.15
  Od 0.82 0.82 0.86
  Os 1.0 1.0 1.0
  Kgls 48.0
  Refl 0.25

Triangle
  0.545143 -0.052286 -1.206857
  0.478286 -0.016286 -1.104
  0.406286 -0.114 -1.088572
  Kd 0.75
  Ks 0.45
  Ka 0.15
  Od 0.82 0.82 0.86
  Os 1.0 1.0 1.0
  Kgls 48.0
  Refl 0.25

Triangle
  0.545143 -0.052286 -1.206857
  0.406286 -0.114 -1.088572
  0.416571 -0.175715 -1.145143
  Kd 0.75
  Ks 0.45
  Ka 0.15
  Od 0.82 0.82 0.86
  Os 1.0 1.0 1.0
  Kgls 48.0
  Refl 0.25

Triangle
  -0.545143 -0.052286 -1.206857
  -0.416571 -0.175715 -1.145143
  -0.406286 -0.114 -1.088572
  Kd 0.75
  Ks 0.45
  Ka 0.15
  Od 0.82 0.82 0.86
  Os 1.0 1.0 1.0
  Kgls 48.0
  Refl 0.25

Triangle
  -0.545143 -0.052286 -1.206857
  -0.406286 -0.114 -1.088572
  -0.478286 -0.016286 -1.104
  Kd 0.75
  Ks 0.45
  Ka 0.15
  Od 0.82 0.82 0.86
  Os 1.0 1.0 1.0
  Kgls 48.0
  Refl 0.25

Triangle
  0.565715 0.132857 -1.109143
  0.488571 0.096857 -1.068
  0.478286 -0.016286 -1.104
  Kd 0.75
  Ks 0.45
  Ka 0.15
  Od 0.82 0.82 0.86
  Os 1.0 1.0 1.0
  Kgls 48.0
  Refl 0.25

Triangle
  0.565715 0.132857 -1.109143
  0.478286 -0.016286 -1.104
  0.545143 -0.052286 -1.206857
  Kd 0.75
  Ks 0.45
  Ka 0.15
  Od 0.82 0.82 0.86
  Os 1.0 1.0 1.0
  Kgls 48.0
  Refl 0.25

Triangle
  -0.565714 0.132857 -1.109143
  -0.545143 -0.052286 -1.206857
  -0.478286 -0.016286 -1.104
  Kd 0.75
  Ks 0.45
  Ka 0.15
  Od 0.82 0.82 0.86
  Os 1.0 1.0 1.0
  Kgls 48.0
  Refl 0.25

Triangle
  -0.565714 0.132857 -1.109143
  -0.478286 -0.016286 -1.104
  -0.488571 0.096857 -1.068
  Kd 0.75
  Ks 0.45
  Ka 0.15
  Od 0.82 0.82 0.86
  Os 1.0 1.0 1.0
  Kgls 48.0
  Refl 0.25

Triangle
  0.468 0.168857 -1.088572
  0.452572 0.122571 -1.021714
  0.488571 0.096857 -1.068
  Kd 0.75
  Ks 0.45
  Ka 0.15
  Od 0.82 0.82 0.86
  Os 1.0 1.0 1.0
  Kgls 48.0
  Refl 0.25

Triangle
  0.468 0.168857 -1.088572
  0.488571 0.096857 -1.068
  0.565715 0.132857 -1.109143
  Kd 0.75
  Ks 0.45
  Ka 0.15
  Od 0.82 0.82 0.86
  Os 1.0 1.0 1.0
  Kgls 48.0
  Refl 0.25

Triangle
  -0.468 0.168857 -1.088572
  -0.565714 0.132857 -1.109143
  -0.488571 0.096857 -1.068
  Kd 0.75
  Ks 0.45
  Ka 0.15
  Od 0.82 0.82 0.86
  Os 1.0 1.0 1.0
  Kgls 48.0
  Refl 0.25

Triangle
  -0.468 0.168857 -1.088572
  -0.488571 0.096857 -1.068
  -0.452571 0.122571 -1.021714
  Kd 0.75
  Ks 0.45
  Ka 0.15
  Od 0.82 0.82 0.86
  Os 1.0 1.0 1.0
  Kgls 48.0
  Refl 0.25

Triangle
  0.324 0.246 -1.047429
  0.288 0.21 -0.975429
  0.452572 0.122571 -1.021714
  Kd 0.75
  Ks 0.45
  Ka 0.15
  Od 0.82 0.82 0.86
  Os 1.0 1.0 1.0
  Kgls 48.0
  Refl 0.25

Triangle
  0.324 0.246 -1.047429
  0.452572 0.122571 -1.021714
  0.468 0.168857 -1.088572
  Kd 0.75
  Ks 0.45
  Ka 0.15
  Od 0.82 0.82 0.86
  Os 1.0 1.0 1.0
  Kgls 48.0
  Refl 0.25

Triangle
  -0.324 0.246 -1.047429
  -0.468 0.168857 -1.088572
  -0.452571 0.122571 -1.021714
  Kd 0.75
  Ks 0.45
  Ka 0.15
  Od 0.82 0.82 0.86
  Os 1.0 1.0 1.0
  Kgls 48.0
  Refl 0.25

Triangle
  -0.324 0.246 -1.047429
  -0.452571 0.122571 -1.021714
  -0.288 0.21 -0.975429
  Kd 0.75
  Ks 0.45
  Ka 0.15
  Od 0.82 0.82 0.86
  Os 1.0 1.0 1.0
  Kgls 48.0
  Refl 0.25

Triangle
  0.210857 0.348857 -1.016572
  0.205715 0.271714 -0.949714
  0.288 0.21 -0.975429
  Kd 0.75
  Ks 0.45
  Ka 0.15
  Od 0.82 0.82 0.86
  Os 1.0 1.0 1.0
  Kgls 48.0
  Refl 0.25

Triangle
  0.210857 0.348857 -1.016572
  0.288 0.21 -0.975429
  0.324 0.246 -1.047429
  Kd 0.75
  Ks 0.45
  Ka 0.15
  Od 0.82 0.82 0.86
  Os 1.0 1.0 1.0
  Kgls 48.0
  Refl 0.25

Triangle
  -0.210857 0.348857 -1.016572
  -0.324 0.246 -1.047429
  -0.288 0.21 -0.975429
  Kd 0.75
  Ks 0.45
  Ka 0.15
  Od 0.82 0.82 0.86
  Os 1.0 1.0 1.0
  Kgls 48.0
  Refl 0.25

Triangle
  -0.210857 0.348857 -1.016572
  -0.288 0.21 -0.975429
  -0.205714 0.271714 -0.949714
  Kd 0.75
  Ks 0.45
  Ka 0.15
  Od 0.82 0.82 0.86
  Os 1.0 1.0 1.0
  Kgls 48.0
  Refl 0.25

Triangle
  0.102857 0.323143 -1.001143
  0.133715 0.256285 -0.939429
  0.205715 0.271714 -0.949714
  Kd 0.75
  Ks 0.45
  Ka 0.15
  Od 0.82 0.82 0.86
  Os 1.0 1.0 1.0
  Kgls 48.0
  Refl 0.25

Triangle
  0.102857 0.323143 -1.001143
  0.205715 0.271714 -0.949714
  0.210857 0.348857 -1.016572
  Kd 0.75
  Ks 0.45
  Ka 0.15
  Od 0.82 0.82 0.86
  Os 1.0 1.0 1.0
  Kgls 48.0
  Refl 0.25

Triangle
  -0.102857 0.323143 -1.001143
  -0.210857 0.348857 -1.016572
  -0.205714 0.271714 -0.949714
  Kd 0.75
  Ks 0.45
  Ka 0.15
  Od 0.82 0.82 0.86
  Os 1.0 1.0 1.0
  Kgls 48.0
  Refl 0.25

Triangle
  -0.102857 0.323143 -1.001143
  -0.205714 0.271714 -0.949714
  -0.133714 0.256285 -0.939429
  Kd 0.75
  Ks 0.45
  Ka 0.15
  Od 0.82 0.82 0.86
  Os 1.0 1.0 1.0
  Kgls 48.0
  Refl 0.25

Triangle
  0.041143 0.174 -1.006286
  0.066857 0.132857 -0.944572
  0.133715 0.256285 -0.939429
  Kd 0.75
  Ks 0.45
  Ka 0.15
  Od 0.82 0.82 0.86
  Os 1.0 1.0 1.0
  Kgls 48.0
  Refl 0.25

Triangle
  0.041143 0.174 -1.006286
  0.133715 0.256285 -0.939429
  0.102857 0.323143 -1.001143
  Kd 0.75
  Ks 0.45
  Ka 0.15
  Od 0.82 0.82 0.86
  Os 1.0 1.0 1.0
  Kgls 48.0
  Refl 0.25

Triangle
  -0.041143 0.174 -1.006286
  -0.102857 0.323143 -1.001143
  -0.133714 0.256285 -0.939429
  Kd 0.75
  Ks 0.45
  Ka 0.15
  Od 0.82 0.82 0.86
  Os 1.0 1.0 1.0
  Kgls 48.0
  Refl 0.25

Triangle
  -0.041143 0.174 -1.006286
  -0.133714 0.256285 -0.939429
  -0.066857 0.132857 -0.944572
  Kd 0.75
  Ks 0.45
  Ka 0.15
  Od 0.82 0.82 0.86
  Os 1.0 1.0 1.0
  Kgls 48.0
  Refl 0.25

Triangle
  0 0.132857 -1.011429
  0 0.081428 -0.96
  0.066857 0.132857 -0.944572
  Kd 0.75
  Ks 0.45
  Ka 0.15
  Od 0.82 0.82 0.86
  Os 1.0 1.0 1.0
  Kgls 48.0
  Refl 0.25

Triangle
  0 0.132857 -1.011429
  0.066857 0.132857 -0.944572
  0.041143 0.174 -1.006286
  Kd 0.75
  Ks 0.45
  Ka 0.15
  Od 0.82 0.82 0.86
  Os 1.0 1.0 1.0
  Kgls 48.0
  Refl 0.25

Triangle
  0 0.132857 -1.011429
  -0.041143 0.174 -1.006286
  -0.066857 0.132857 -0.944572
  Kd 0.75
  Ks 0.45
  Ka 0.15
  Od 0.82 0.82 0.86
  Os 1.0 1.0 1.0
  Kgls 48.0
  Refl 0.25

Triangle
  0 0.132857 -1.011429
  -0.066857 0.132857 -0.944572
  0 0.081428 -0.96
  Kd 0.75
  Ks 0.45
  Ka 0.15
  Od 0.82 0.82 0.86
  Os 1.0 1.0 1.0
  Kgls 48.0
  Refl 0.25

Triangle
  0.164572 0.158571 -1.001143
  0.133715 0.256285 -0.939429
  0.066857 0.132857 -0.944572
  Kd 0.75
  Ks 0.45
  Ka 0.15
  Od 0.82 0.82 0.86
  Os 1.0 1.0 1.0
  Kgls 48.0
  Refl 0.25

Triangle
  0.164572 0.158571 -1.001143
  0.066857 0.132857 -0.944572
  0.108 0.122571 -0.990857
  Kd 0.75
  Ks 0.45
  Ka 0.15
  Od 0.82 0.82 0.86
  Os 1.0 1.0 1.0
  Kgls 48.0
  Refl 0.25

Triangle
  -0.164571 0.158571 -1.001143
  -0.108 0.122571 -0.990857
  -0.066857 0.132857 -0.944572
  Kd 0.75
  Ks 0.45
  Ka 0.15
  Od 0.82 0.82 0.86
  Os 1.0 1.0 1.0
  Kgls 48.0
  Refl 0.25

Triangle
  -0.164571 0.158571 -1.001143
  -0.066857 0.132857 -0.944572
  -0.133714 0.256285 -0.939429
  Kd 0.75
  Ks 0.45
  Ka 0.15
  Od 0.82 0.82 0.86
  Os 1.0 1.0 1.0
  Kgls 48.0
  Refl 0.25

Triangle
  0.216 0.163714 -1.011429
  0.205715 0.271714 -0.949714
  0.133715 0.256285 -0.939429
  Kd 0.75
  Ks 0.45
  Ka 0.15
  Od 0.82 0.82 0.86
  Os 1.0 1.0 1.0
  Kgls 48.0
  Refl 0.25

Triangle
  0.216 0.163714 -1.011429
  0.133715 0.256285 -0.939429
  0.164572 0.158571 -1.001143
  Kd 0.75
  Ks 0.45
  Ka 0.15
  Od 0.82 0.82 0.86
  Os 1.0 1.0 1.0
  Kgls 48.0
  Refl 0.25

Triangle
  -0.216 0.163714 -1.011429
  -0.164571 0.158571 -1.001143
  -0.133714 0.256285 -0.939429
  Kd 0.75
  Ks 0.45
  Ka 0.15
  Od 0.82 0.82 0.86
  Os 1.0 1.0 1.0
  Kgls 48.0
  Refl 0.25

Triangle
  -0.216 0.163714 -1.011429
  -0.133714 0.256285 -0.939429
  -0.205714 0.271714 -0.949714
  Kd 0.75
  Ks 0.45
  Ka 0.15
  Od 0.82 0.82 0.86
  Os 1.0 1.0 1.0
  Kgls 48.0
  Refl 0.25

Triangle
  0.288 0.21 -0.975429
  0.205715 0.271714 -0.949714
  0.216 0.163714 -1.011429
  Kd 0.75
  Ks 0.45
  Ka 0.15
  Od 0.82 0.82 0.86
  Os 1.0 1.0 1.0
  Kgls 48.0
  Refl 0.25

Triangle
  0.288 0.21 -0.975429
  0.216 0.163714 -1.011429
  0.282857 0.138 -1.026857
  Kd 0.75
  Ks 0.45
  Ka 0.15
  Od 0.82 0.82 0.86
  Os 1.0 1.0 1.0
  Kgls 48.0
  Refl 0.25

Triangle
  -0.288 0.21 -0.975429
  -0.282857 0.138 -1.026857
  -0.216 0.163714 -1.011429
  Kd 0.75
  Ks 0.45
  Ka 0.15
  Od 0.82 0.82 0.86
  Os 1.0 1.0 1.0
  Kgls 48.0
  Refl 0.25

Triangle
  -0.288 0.21 -0.975429
  -0.216 0.163714 -1.011429
  -0.205714 0.271714 -0.949714
  Kd 0.75
  Ks 0.45
  Ka 0.15
  Od 0.82 0.82 0.86
  Os 1.0 1.0 1.0
  Kgls 48.0
  Refl 0.25

Triangle
  0.452572 0.122571 -1.021714
  0.288 0.21 -0.975429
  0.282857 0.138 -1.026857
  Kd 0.75
  Ks 0.45
  Ka 0.15
  Od 0.82 0.82 0.86
  Os 1.0 1.0 1.0
  Kgls 48.0
  Refl 0.25

Triangle
  0.452572 0.122571 -1.021714
  0.282857 0.138 -1.026857
  0.396 0.096857 -1.062857
  Kd 0.75
  Ks 0.45
  Ka 0.15
  Od 0.82 0.82 0.86
  Os 1.0 1.0 1.0
  Kgls 48.0
  Refl 0.25

Triangle
  -0.452571 0.122571 -1.021714
  -0.396 0.096857 -1.062857
  -0.282857 0.138 -1.026857
  Kd 0.75
  Ks 0.45
  Ka 0.15
  Od 0.82 0.82 0.86
  Os 1.0 1.0 1.0
  Kgls 48.0
  Refl 0.25

Triangle
  -0.452571 0.122571 -1.021714
  -0.282857 0.138 -1.026857
  -0.288 0.21 -0.975429
  Kd 0.75
  Ks 0.45
  Ka 0.15
  Od 0.82 0.82 0.86
  Os 1.0 1.0 1.0
  Kgls 48.0
  Refl 0.25

Triangle
  0.488571 0.096857 -1.068
  0.452572 0.122571 -1.021714
  0.396 0.096857 -1.062857
  Kd 0.75
  Ks 0.45
  Ka 0.15
  Od 0.82 0.82 0.86
  Os 1.0 1.0 1.0
  Kgls 48.0
  Refl 0.25

Triangle
  0.488571 0.096857 -1.068
  0.396 0.096857 -1.062857
  0.421715 0.045429 -1.073143
  Kd 0.75
  Ks 0.45
  Ka 0.15
  Od 0.82 0.82 0.86
  Os 1.0 1.0 1.0
  Kgls 48.0
  Refl 0.25

Triangle
  -0.488571 0.096857 -1.068
  -0.421714 0.045429 -1.073143
  -0.396 0.096857 -1.062857
  Kd 0.75
  Ks 0.45
  Ka 0.15
  Od 0.82 0.82 0.86
  Os 1.0 1.0 1.0
  Kgls 48.0
  Refl 0.25

Triangle
  -0.488571 0.096857 -1.068
  -0.396 0.096857 -1.062857
  -0.452571 0.122571 -1.021714
  Kd 0.75
  Ks 0.45
  Ka 0.15
  Od 0.82 0.82 0.86
  Os 1.0 1.0 1.0
  Kgls 48.0
  Refl 0.25

Triangle
  0.478286 -0.016286 -1.104
  0.488571 0.096857 -1.068
  0.421715 0.045429 -1.073143
  Kd 0.75
  Ks 0.45
  Ka 0.15
  Od 0.82 0.82 0.86
  Os 1.0 1.0 1.0
  Kgls 48.0
  Refl 0.25

Triangle
  0.478286 -0.016286 -1.104
  0.421715 0.045429 -1.073143
  0.411429 -0.026571 -1.073143
  Kd 0.75
  Ks 0.45
  Ka 0.15
  Od 0.82 0.82 0.86
  Os 1.0 1.0 1.0
  Kgls 48.0
  Refl 0.25

Triangle
  -0.478286 -0.016286 -1.104
  -0.411428 -0.026571 -1.073143
  -0.421714 0.045429 -1.073143
  Kd 0.75
  Ks 0.45
  Ka 0.15
  Od 0.82 0.82 0.86
  Os 1.0 1.0 1.0
  Kgls 48.0
  Refl 0.25

Triangle
  -0.478286 -0.016286 -1.104
  -0.421714 0.045429 -1.073143
  -0.488571 0.096857 -1.068
  Kd 0.75
  Ks 0.45
  Ka 0.15
  Od 0.82 0.82 0.86
  Os 1.0 1.0 1.0
  Kgls 48.0
  Refl 0.25

Triangle
  0.406286 -0.114 -1.088572
  0.478286 -0.016286 -1.104
  0.411429 -0.026571 -1.073143
  Kd 0.75
  Ks 0.45
  Ka 0.15
  Od 0.82 0.82 0.86
  Os 1.0 1.0 1.0
  Kgls 48.0
  Refl 0.25

Triangle
  0.406286 -0.114 -1.088572
  0.411429 -0.026571 -1.073143
  0.324 -0.108857 -1.057715
  Kd 0.75
  Ks 0.45
  Ka 0.15
  Od 0.82 0.82 0.86
  Os 1.0 1.0 1.0
  Kgls 48.0
  Refl 0.25

Triangle
  -0.406286 -0.114 -1.088572
  -0.324 -0.108857 -1.057715
  -0.411428 -0.026571 -1.073143
  Kd 0.75
  Ks 0.45
  Ka 0.15
  Od 0.82 0.82 0.86
  Os 1.0 1.0 1.0
  Kgls 48.0
  Refl 0.25

Triangle
  -0.406286 -0.114 -1.088572
  -0.411428 -0.026571 -1.073143
  -0.478286 -0.016286 -1.104
  Kd 0.75
  Ks 0.45
  Ka 0.15
  Od 0.82 0.82 0.86
  Os 1.0 1.0 1.0
  Kgls 48.0
  Refl 0.25

Triangle
  0.262286 -0.180857 -1.057715
  0.406286 -0.114 -1.088572
  0.324 -0.108857 -1.057715
  Kd 0.75
  Ks 0.45
  Ka 0.15
  Od 0.82 0.82 0.86
  Os 1.0 1.0 1.0
  Kgls 48.0
  Refl 0.25

Triangle
  0.262286 -0.180857 -1.057715
  0.324 -0.108857 -1.057715
  0.246857 -0.139714 -1.037143
  Kd 0.75
  Ks 0.45
  Ka 0.15
  Od 0.82 0.82 0.86
  Os 1.0 1.0 1.0
  Kgls 48.0
  Refl 0.25

Triangle
  -0.262286 -0.180857 -1.057715
  -0.246857 -0.139714 -1.037143
  -0.324 -0.108857 -1.057715
  Kd 0.75
  Ks 0.45
  Ka 0.15
  Od 0.82 0.82 0.86
  Os 1.0 1.0 1.0
  Kgls 48.0
  Refl 0.25

Triangle
  -0.262286 -0.180857 -1.057715
  -0.324 -0.108857 -1.057715
  -0.406286 -0.114 -1.088572
  Kd 0.75
  Ks 0.45
  Ka 0.15
  Od 0.82 0.82 0.86
  Os 1.0 1.0 1.0
  Kgls 48.0
  Refl 0.25

Triangle
  0.082286 -0.216857 -0.965143
  0.262286 -0.180857 -1.057715
  0.246857 -0.139714 -1.037143
  Kd 0.75
  Ks 0.45
  Ka 0.15
  Od 0.82 0.82 0.86
  Os 1.0 1.0 1.0
  Kgls 48.0
  Refl 0.25

Triangle
  0.082286 -0.216857 -0.965143
  0.246857 -0.139714 -1.037143
  0.133715 -0.088286 -1.011429
  Kd 0.75
  Ks 0.45
  Ka 0.15
  Od 0.82 0.82 0.86
  Os 1.0 1.0 1.0
  Kgls 48.0
  Refl 0.25

Triangle
  -0.082285 -0.216857 -0.965143
  -0.133714 -0.088286 -1.011429
  -0.246857 -0.139714 -1.037143
  Kd 0.75
  Ks 0.45
  Ka 0.15
  Od 0.82 0.82 0.86
  Os 1.0 1.0 1.0
  Kgls 48.0
  Refl 0.25

Triangle
  -0.082285 -0.216857 -0.965143
  -0.246857 -0.139714 -1.037143
  -0.262286 -0.180857 -1.057715
  Kd 0.75
  Ks 0.45
  Ka 0.15
  Od 0.82 0.82 0.86
  Os 1.0 1.0 1.0
  Kgls 48.0
  Refl 0.25

Triangle
  0.108 -0.057429 -1.006286
  0 -0.119143 -1.021714
  0.082286 -0.216857 -0.965143
  Kd 0.75
  Ks 0.45
  Ka 0.15
  Od 0.82 0.82 0.86
  Os 1.0 1.0 1.0
  Kgls 48.0
  Refl 0.25

Triangle
  0.108 -0.057429 -1.006286
  0.082286 -0.216857 -0.965143
  0.133715 -0.088286 -1.011429
  Kd 0.75
  Ks 0.45
  Ka 0.15
  Od 0.82 0.82 0.86
  Os 1.0 1.0 1.0
  Kgls 48.0
  Refl 0.25

Triangle
  -0.108 -0.057429 -1.006286
  -0.133714 -0.088286 -1.011429
  -0.082285 -0.216857 -0.965143
  Kd 0.75
  Ks 0.45
  Ka 0.15
  Od 0.82 0.82 0.86
  Os 1.0 1.0 1.0
  Kgls 48.0
  Refl 0.25

Triangle
  -0.108 -0.057429 -1.006286
  -0.082285 -0.216857 -0.965143
  0 -0.119143 -1.021714
  Kd 0.75
  Ks 0.45
  Ka 0.15
  Od 0.82 0.82 0.86
  Os 1.0 1.0 1.0
  Kgls 48.0
  Refl 0.25

Triangle
  0.066857 0.132857 -0.944572
  0 0.081428 -0.96
  0.082286 0.050571 -0.996
  Kd 0.75
  Ks 0.45
  Ka 0.15
  Od 0.82 0.82 0.86
  Os 1.0 1.0 1.0
  Kgls 48.0
  Refl 0.25

Triangle
  0.066857 0.132857 -0.944572
  0.082286 0.050571 -0.996
  0.108 0.122571 -0.990857
  Kd 0.75
  Ks 0.45
  Ka 0.15
  Od 0.82 0.82 0.86
  Os 1.0 1.0 1.0
  Kgls 48.0
  Refl 0.25

Triangle
  -0.066857 0.132857 -0.944572
  -0.108 0.122571 -0.990857
  -0.082285 0.050571 -0.996
  Kd 0.75
  Ks 0.45
  Ka 0.15
  Od 0.82 0.82 0.86
  Os 1.0 1.0 1.0
  Kgls 48.0
  Refl 0.25

Triangle
  -0.066857 0.132857 -0.944572
  -0.082285 0.050571 -0.996
  0 0.081428 -0.96
  Kd 0.75
  Ks 0.45
  Ka 0.15
  Od 0.82 0.82 0.86
  Os 1.0 1.0 1.0
  Kgls 48.0
  Refl 0.25

Triangle
  0 0.081428 -0.96
  0 -0.011143 -0.996
  0.087429 -0.011143 -1.001143
  Kd 0.75
  Ks 0.45
  Ka 0.15
  Od 0.82 0.82 0.86
  Os 1.0 1.0 1.0
  Kgls 48.0
  Refl 0.25

Triangle
  0 0.081428 -0.96
  0.087429 -0.011143 -1.001143
  0.082286 0.050571 -0.996
  Kd 0.75
  Ks 0.45
  Ka 0.15
  Od 0.82 0.82 0.86
  Os 1.0 1.0 1.0
  Kgls 48.0
  Refl 0.25

Triangle
  0 0.081428 -0.96
  -0.082285 0.050571 -0.996
  -0.087429 -0.011143 -1.001143
  Kd 0.75
  Ks 0.45
  Ka 0.15
  Od 0.82 0.82 0.86
  Os 1.0 1.0 1.0
  Kgls 48.0
  Refl 0.25

Triangle
  0 0.081428 -0.96
  -0.087429 -0.011143 -1.001143
  0 -0.011143 -0.996
  Kd 0.75
  Ks 0.45
  Ka 0.15
  Od 0.82 0.82 0.86
  Os 1.0 1.0 1.0
  Kgls 48.0
  Refl 0.25

Triangle
  0.108 -0.057429 -1.006286
  0.087429 -0.011143 -1.001143
  0 -0.011143 -0.996
  Kd 0.75
  Ks 0.45
  Ka 0.15
  Od 0.82 0.82 0.86
  Os 1.0 1.0 1.0
  Kgls 48.0
  Refl 0.25

Triangle
  0.108 -0.057429 -1.006286
  0 -0.011143 -0.996
  0 -0.119143 -1.021714
  Kd 0.75
  Ks 0.45
  Ka 0.15
  Od 0.82 0.82 0.86
  Os 1.0 1.0 1.0
  Kgls 48.0
  Refl 0.25

Triangle
  -0.108 -0.057429 -1.006286
  0 -0.119143 -1.021714
  0 -0.011143 -0.996
  Kd 0.75
  Ks 0.45
  Ka 0.15
  Od 0.82 0.82 0.86
  Os 1.0 1.0 1.0
  Kgls 48.0
  Refl 0.25

Triangle
  -0.108 -0.057429 -1.006286
  0 -0.011143 -0.996
  -0.087429 -0.011143 -1.001143
  Kd 0.75
  Ks 0.45
  Ka 0.15
  Od 0.82 0.82 0.86
  Os 1.0 1.0 1.0
  Kgls 48.0
  Refl 0.25

Triangle
  0 -0.736286 -1.047429
  0 -0.772286 -1.078286
  0.108 -0.762 -1.083429
  Kd 0.75
  Ks 0.45
  Ka 0.15
  Od 0.82 0.82 0.86
  Os 1.0 1.0 1.0
  Kgls 48.0
  Refl 0.25

Triangle
  0 -0.736286 -1.047429
  0.108 -0.762 -1.083429
  0.041143 -0.731143 -1.042286
  Kd 0.75
  Ks 0.45
  Ka 0.15
  Od 0.82 0.82 0.86
  Os 1.0 1.0 1.0
  Kgls 48.0
  Refl 0.25

Triangle
  0 -0.736286 -1.047429
  -0.041143 -0.731143 -1.042286
  -0.108 -0.762 -1.083429
  Kd 0.75
  Ks 0.45
  Ka 0.15
  Od 0.82 0.82 0.86
  Os 1.0 1.0 1.0
  Kgls 48.0
  Refl 0.25

Triangle
  0 -0.736286 -1.047429
  -0.108 -0.762 -1.083429
  0 -0.772286 -1.078286
  Kd 0.75
  Ks 0.45
  Ka 0.15
  Od 0.82 0.82 0.86
  Os 1.0 1.0 1.0
  Kgls 48.0
  Refl 0.25

Triangle
  0.041143 -0.731143 -1.042286
  0.108 -0.762 -1.083429
  0.154286 -0.751715 -1.083429
  Kd 0.75
  Ks 0.45
  Ka 0.15
  Od 0.82 0.82 0.86
  Os 1.0 1.0 1.0
  Kgls 48.0
  Refl 0.25

Triangle
  0.041143 -0.731143 -1.042286
  0.154286 -0.751715 -1.083429
  0.077143 -0.700286 -1.032
  Kd 0.75
  Ks 0.45
  Ka 0.15
  Od 0.82 0.82 0.86
  Os 1.0 1.0 1.0
  Kgls 48.0
  Refl 0.25

Triangle
  -0.041143 -0.731143 -1.042286
  -0.077143 -0.700286 -1.032
  -0.154285 -0.751715 -1.083429
  Kd 0.75
  Ks 0.45
  Ka 0.15
  Od 0.82 0.82 0.86
  Os 1.0 1.0 1.0
  Kgls 48.0
  Refl 0.25

Triangle
  -0.041143 -0.731143 -1.042286
  -0.154285 -0.751715 -1.083429
  -0.108 -0.762 -1.083429
  Kd 0.75
  Ks 0.45
  Ka 0.15
  Od 0.82 0.82 0.86
  Os 1.0 1.0 1.0
  Kgls 48.0
  Refl 0.25

Triangle
  0.077143 -0.700286 -1.032
  0.154286 -0.751715 -1.083429
  0.174857 -0.69 -1.062857
  Kd 0.75
  Ks 0.45
  Ka 0.15
  Od 0.82 0.82 0.86
  Os 1.0 1.0 1.0
  Kgls 48.0
  Refl 0.25

Triangle
  0.077143 -0.700286 -1.032
  0.174857 -0.69 -1.062857
  0.072 -0.623143 -1.016572
  Kd 0.75
  Ks 0.45
  Ka 0.15
  Od 0.82 0.82 0.86
  Os 1.0 1.0 1.0
  Kgls 48.0
  Refl 0.25

Triangle
  -0.077143 -0.700286 -1.032
  -0.072 -0.623143 -1.016572
  -0.174857 -0.69 -1.062857
  Kd 0.75
  Ks 0.45
  Ka 0.15
  Od 0.82 0.82 0.86
  Os 1.0 1.0 1.0
  Kgls 48.0
  Refl 0.25

Triangle
  -0.077143 -0.700286 -1.032
  -0.174857 -0.69 -1.062857
  -0.154285 -0.751715 -1.083429
  Kd 0.75
  Ks 0.45
  Ka 0.15
  Od 0.82 0.82 0.86
  Os 1.0 1.0 1.0
  Kgls 48.0
  Refl 0.25

Triangle
  0.051429 -0.443143 -1.006286
  0.077143 -0.602571 -1.016572
  0.164572 -0.612857 -1.047429
  Kd 0.75
  Ks 0.45
  Ka 0.15
  Od 0.82 0.82 0.86
  Os 1.0 1.0 1.0
  Kgls 48.0
  Refl 0.25

Triangle
  0.051429 -0.443143 -1.006286
  0.164572 -0.612857 -1.047429
  0.138857 -0.443143 -1.032
  Kd 0.75
  Ks 0.45
  Ka 0.15
  Od 0.82 0.82 0.86
  Os 1.0 1.0 1.0
  Kgls 48.0
  Refl 0.25

Triangle
  -0.051428 -0.443143 -1.006286
  -0.138857 -0.443143 -1.032
  -0.164571 -0.612857 -1.047429
  Kd 0.75
  Ks 0.45
  Ka 0.15
  Od 0.82 0.82 0.86
  Os 1.0 1.0 1.0
  Kgls 48.0
  Refl 0.25

Triangle
  -0.051428 -0.443143 -1.006286
  -0.164571 -0.612857 -1.047429
  -0.077143 -0.602571 -1.016572
  Kd 0.75
  Ks 0.45
  Ka 0.15
  Od 0.82 0.82 0.86
  Os 1.0 1.0 1.0
  Kgls 48.0
  Refl 0.25

Triangle
  0.174857 -0.69 -1.062857
  0.164572 -0.612857 -1.047429
  0.077143 -0.602571 -1.016572
  Kd 0.75
  Ks 0.45
  Ka 0.15
  Od 0.82 0.82 0.86
  Os 1.0 1.0 1.0
  Kgls 48.0
  Refl 0.25

Triangle
  0.174857 -0.69 -1.062857
  0.077143 -0.602571 -1.016572
  0.072 -0.623143 -1.016572
  Kd 0.75
  Ks 0.45
  Ka 0.15
  Od 0.82 0.82 0.86
  Os 1.0 1.0 1.0
  Kgls 48.0
  Refl 0.25

Triangle
  -0.174857 -0.69 -1.062857
  -0.072 -0.623143 -1.016572
  -0.077143 -0.602571 -1.016572
  Kd 0.75
  Ks 0.45
  Ka 0.15
  Od 0.82 0.82 0.86
  Os 1.0 1.0 1.0
  Kgls 48.0
  Refl 0.25

Triangle
  -0.174857 -0.69 -1.062857
  -0.077143 -0.602571 -1.016572
  -0.164571 -0.612857 -1.047429
  Kd 0.75
  Ks 0.45
  Ka 0.15
  Od 0.82 0.82 0.86
  Os 1.0 1.0 1.0
  Kgls 48.0
  Refl 0.25

Triangle
  0 -0.366 -1.011429
  0 -0.443143 -1.006286
  0.051429 -0.443143 -1.006286
  Kd 0.75
  Ks 0.45
  Ka 0.15
  Od 0.82 0.82 0.86
  Os 1.0 1.0 1.0
  Kgls 48.0
  Refl 0.25

Triangle
  0 -0.366 -1.011429
  0.051429 -0.443143 -1.006286
  0.056571 -0.340286 -1.011429
  Kd 0.75
  Ks 0.45
  Ka 0.15
  Od 0.82 0.82 0.86
  Os 1.0 1.0 1.0
  Kgls 48.0
  Refl 0.25

Triangle
  0 -0.366 -1.011429
  -0.056571 -0.340286 -1.011429
  -0.051428 -0.443143 -1.006286
  Kd 0.75
  Ks 0.45
  Ka 0.15
  Od 0.82 0.82 0.86
  Os 1.0 1.0 1.0
  Kgls 48.0
  Refl 0.25

Triangle
  0 -0.366 -1.011429
  -0.051428 -0.443143 -1.006286
  0 -0.443143 -1.006286
  Kd 0.75
  Ks 0.45
  Ka 0.15
  Od 0.82 0.82 0.86
  Os 1.0 1.0 1.0
  Kgls 48.0
  Refl 0.25

Triangle
  0.051429 -0.443143 -1.006286
  0 -0.443143 -1.006286
  0 -0.597429 -1.016572
  Kd 0.75
  Ks 0.45
  Ka 0.15
  Od 0.82 0.82 0.86
  Os 1.0 1.0 1.0
  Kgls 48.0
  Refl 0.25

Triangle
  0.051429 -0.443143 -1.006286
  0 -0.597429 -1.016572
  0.077143 -0.602571 -1.016572
  Kd 0.75
  Ks 0.45
  Ka 0.15
  Od 0.82 0.82 0.86
  Os 1.0 1.0 1.0
  Kgls 48.0
  Refl 0.25

Triangle
  -0.051428 -0.443143 -1.006286
  -0.077143 -0.602571 -1.016572
  0 -0.597429 -1.016572
  Kd 0.75
  Ks 0.45
  Ka 0.15
  Od 0.82 0.82 0.86
  Os 1.0 1.0 1.0
  Kgls 48.0
  Refl 0.25

Triangle
  -0.051428 -0.443143 -1.006286
  0 -0.597429 -1.016572
  0 -0.443143 -1.006286
  Kd 0.75
  Ks 0.45
  Ka 0.15
  Od 0.82 0.82 0.86
  Os 1.0 1.0 1.0
  Kgls 48.0
  Refl 0.25

Triangle
  0.072 -0.623143 -1.016572
  0.077143 -0.602571 -1.016572
  0 -0.597429 -1.016572
  Kd 0.75
  Ks 0.45
  Ka 0.15
  Od 0.82 0.82 0.86
  Os 1.0 1.0 1.0
  Kgls 48.0
  Refl 0.25

Triangle
  0.072 -0.623143 -1.016572
  0 -0.597429 -1.016572
  0 -0.654 -1.016572
  Kd 0.75
  Ks 0.45
  Ka 0.15
  Od 0.82 0.82 0.86
  Os 1.0 1.0 1.0
  Kgls 48.0
  Refl 0.25

Triangle
  -0.072 -0.623143 -1.016572
  0 -0.654 -1.016572
  0 -0.597429 -1.016572
  Kd 0.75
  Ks 0.45
  Ka 0.15
  Od 0.82 0.82 0.86
  Os 1.0 1.0 1.0
  Kgls 48.0
  Refl 0.25

Triangle
  -0.072 -0.623143 -1.016572
  0 -0.597429 -1.016572
  -0.077143 -0.602571 -1.016572
  Kd 0.75
  Ks 0.45
  Ka 0.15
  Od 0.82 0.82 0.86
  Os 1.0 1.0 1.0
  Kgls 48.0
  Refl 0.25

Triangle
  0.087429 -0.299143 -0.975429
  0.061715 -0.33 -0.985715
  0.056571 -0.340286 -1.011429
  Kd 0.75
  Ks 0.45
  Ka 0.15
  Od 0.82 0.82 0.86
  Os 1.0 1.0 1.0
  Kgls 48.0
  Refl 0.25

Triangle
  0.087429 -0.299143 -0.975429
  0.056571 -0.340286 -1.011429
  0.082286 -0.299143 -1.006286
  Kd 0.75
  Ks 0.45
  Ka 0.15
  Od 0.82 0.82 0.86
  Os 1.0 1.0 1.0
  Kgls 48.0
  Refl 0.25

Triangle
  -0.087429 -0.299143 -0.975429
  -0.082285 -0.299143 -1.006286
  -0.056571 -0.340286 -1.011429
  Kd 0.75
  Ks 0.45
  Ka 0.15
  Od 0.82 0.82 0.86
  Os 1.0 1.0 1.0
  Kgls 48.0
  Refl 0.25

Triangle
  -0.087429 -0.299143 -0.975429
  -0.056571 -0.340286 -1.011429
  -0.061714 -0.33 -0.985715
  Kd 0.75
  Ks 0.45
  Ka 0.15
  Od 0.82 0.82 0.86
  Os 1.0 1.0 1.0
  Kgls 48.0
  Refl 0.25

Triangle
  0.072 -0.237429 -0.985715
  0.087429 -0.299143 -0.975429
  0.082286 -0.299143 -1.006286
  Kd 0.75
  Ks 0.45
  Ka 0.15
  Od 0.82 0.82 0.86
  Os 1.0 1.0 1.0
  Kgls 48.0
  Refl 0.25

Triangle
  0.072 -0.237429 -0.985715
  0.082286 -0.299143 -1.006286
  0.066857 -0.247715 -1.011429
  Kd 0.75
  Ks 0.45
  Ka 0.15
  Od 0.82 0.82 0.86
  Os 1.0 1.0 1.0
  Kgls 48.0
  Refl 0.25

Triangle
  -0.072 -0.237429 -0.985715
  -0.066857 -0.247715 -1.011429
  -0.082285 -0.299143 -1.006286
  Kd 0.75
  Ks 0.45
  Ka 0.15
  Od 0.82 0.82 0.86
  Os 1.0 1.0 1.0
  Kgls 48.0
  Refl 0.25

Triangle
  -0.072 -0.237429 -0.985715
  -0.082285 -0.299143 -1.006286
  -0.087429 -0.299143 -0.975429
  Kd 0.75
  Ks 0.45
  Ka 0.15
  Od 0.82 0.82 0.86
  Os 1.0 1.0 1.0
  Kgls 48.0
  Refl 0.25

Triangle
  0.025714 -0.232286 -0.985715
  0.072 -0.237429 -0.985715
  0.066857 -0.247715 -1.011429
  Kd 0.75
  Ks 0.45
  Ka 0.15
  Od 0.82 0.82 0.86
  Os 1.0 1.0 1.0
  Kgls 48.0
  Refl 0.25

Triangle
  0.025714 -0.232286 -0.985715
  0.066857 -0.247715 -1.011429
  0 -0.242571 -1.011429
  Kd 0.75
  Ks 0.45
  Ka 0.15
  Od 0.82 0.82 0.86
  Os 1.0 1.0 1.0
  Kgls 48.0
  Refl 0.25

Triangle
  -0.025714 -0.232286 -0.985715
  0 -0.242571 -1.011429
  -0.066857 -0.247715 -1.011429
  Kd 0.75
  Ks 0.45
  Ka 0.15
  Od 0.82 0.82 0.86
  Os 1.0 1.0 1.0
  Kgls 48.0
  Refl 0.25

Triangle
  -0.025714 -0.232286 -0.985715
  -0.066857 -0.247715 -1.011429
  -0.072 -0.237429 -0.985715
  Kd 0.75
  Ks 0.45
  Ka 0.15
  Od 0.82 0.82 0.86
  Os 1.0 1.0 1.0
  Kgls 48.0
  Refl 0.25

Triangle
  0 -0.273429 -0.975429
  0.025714 -0.232286 -0.985715
  0 -0.242571 -1.011429
  Kd 0.75
  Ks 0.45
  Ka 0.15
  Od 0.82 0.82 0.86
  Os 1.0 1.0 1.0
  Kgls 48.0
  Refl 0.25

Triangle
  0 -0.273429 -0.975429
  0 -0.242571 -1.011429
  0 -0.278572 -1.006286
  Kd 0.75
  Ks 0.45
  Ka 0.15
  Od 0.82 0.82 0.86
  Os 1.0 1.0 1.0
  Kgls 48.0
  Refl 0.25

Triangle
  0 -0.273429 -0.975429
  0 -0.278572 -1.006286
  0 -0.242571 -1.011429
  Kd 0.75
  Ks 0.45
  Ka 0.15
  Od 0.82 0.82 0.86
  Os 1.0 1.0 1.0
  Kgls 48.0
  Refl 0.25

Triangle
  0 -0.273429 -0.975429
  0 -0.242571 -1.011429
  -0.025714 -0.232286 -0.985715
  Kd 0.75
  Ks 0.45
  Ka 0.15
  Od 0.82 0.82 0.86
  Os 1.0 1.0 1.0
  Kgls 48.0
  Refl 0.25

Triangle
  0.056571 -0.340286 -1.011429
  0.061715 -0.33 -0.985715
  0 -0.360857 -0.985715
  Kd 0.75
  Ks 0.45
  Ka 0.15
  Od 0.82 0.82 0.86
  Os 1.0 1.0 1.0
  Kgls 48.0
  Refl 0.25

Triangle
  0.056571 -0.340286 -1.011429
  0 -0.360857 -0.985715
  0 -0.366 -1.011429
  Kd 0.75
  Ks 0.45
  Ka 0.15
  Od 0.82 0.82 0.86
  Os 1.0 1.0 1.0
  Kgls 48.0
  Refl 0.25

Triangle
  -0.056571 -0.340286 -1.011429
  0 -0.366 -1.011429
  0 -0.360857 -0.985715
  Kd 0.75
  Ks 0.45
  Ka 0.15
  Od 0.82 0.82 0.86
  Os 1.0 1.0 1.0
  Kgls 48.0
  Refl 0.25

Triangle
  -0.056571 -0.340286 -1.011429
  0 -0.360857 -0.985715
  -0.061714 -0.33 -0.985715
  Kd 0.75
  Ks 0.45
  Ka 0.15
  Od 0.82 0.82 0.86
  Os 1.0 1.0 1.0
  Kgls 48.0
  Refl 0.25

Triangle
  0.061715 -0.33 -0.985715
  0.051429 -0.314571 -0.970286
  0 -0.340286 -0.970286
  Kd 0.75
  Ks 0.45
  Ka 0.15
  Od 0.82 0.82 0.86
  Os 1.0 1.0 1.0
  Kgls 48.0
  Refl 0.25

Triangle
  0.061715 -0.33 -0.985715
  0 -0.340286 -0.970286
  0 -0.360857 -0.985715
  Kd 0.75
  Ks 0.45
  Ka 0.15
  Od 0.82 0.82 0.86
  Os 1.0 1.0 1.0
  Kgls 48.0
  Refl 0.25

Triangle
  -0.061714 -0.33 -0.985715
  0 -0.360857 -0.985715
  0 -0.340286 -0.970286
  Kd 0.75
  Ks 0.45
  Ka 0.15
  Od 0.82 0.82 0.86
  Os 1.0 1.0 1.0
  Kgls 48.0
  Refl 0.25

Triangle
  -0.061714 -0.33 -0.985715
  0 -0.340286 -0.970286
  -0.051428 -0.314571 -0.970286
  Kd 0.75
  Ks 0.45
  Ka 0.15
  Od 0.82 0.82 0.86
  Os 1.0 1.0 1.0
  Kgls 48.0
  Refl 0.25

Triangle
  0 -0.283714 -0.954857
  0.030857 -0.247715 -0.965143
  0.025714 -0.232286 -0.985715
  Kd 0.75
  Ks 0.45
  Ka 0.15
  Od 0.82 0.82 0.86
  Os 1.0 1.0 1.0
  Kgls 48.0
  Refl 0.25

Triangle
  0 -0.283714 -0.954857
  0.025714 -0.232286 -0.985715
  0 -0.273429 -0.975429
  Kd 0.75
  Ks 0.45
  Ka 0.15
  Od 0.82 0.82 0.86
  Os 1.0 1.0 1.0
  Kgls 48.0
  Refl 0.25

Triangle
  0 -0.283714 -0.954857
  0 -0.273429 -0.975429
  -0.025714 -0.232286 -0.985715
  Kd 0.75
  Ks 0.45
  Ka 0.15
  Od 0.82 0.82 0.86
  Os 1.0 1.0 1.0
  Kgls 48.0
  Refl 0.25

Triangle
  0 -0.283714 -0.954857
  -0.025714 -0.232286 -0.985715
  -0.030857 -0.247715 -0.965143
  Kd 0.75
  Ks 0.45
  Ka 0.15
  Od 0.82 0.82 0.86
  Os 1.0 1.0 1.0
  Kgls 48.0
  Refl 0.25

Triangle
  0.030857 -0.247715 -0.965143
  0.061715 -0.252857 -0.965143
  0.072 -0.237429 -0.985715
  Kd 0.75
  Ks 0.45
  Ka 0.15
  Od 0.82 0.82 0.86
  Os 1.0 1.0 1.0
  Kgls 48.0
  Refl 0.25

Triangle
  0.030857 -0.247715 -0.965143
  0.072 -0.237429 -0.985715
  0.025714 -0.232286 -0.985715
  Kd 0.75
  Ks 0.45
  Ka 0.15
  Od 0.82 0.82 0.86
  Os 1.0 1.0 1.0
  Kgls 48.0
  Refl 0.25

Triangle
  -0.030857 -0.247715 -0.965143
  -0.025714 -0.232286 -0.985715
  -0.072 -0.237429 -0.985715
  Kd 0.75
  Ks 0.45
  Ka 0.15
  Od 0.82 0.82 0.86
  Os 1.0 1.0 1.0
  Kgls 48.0
  Refl 0.25

Triangle
  -0.030857 -0.247715 -0.965143
  -0.072 -0.237429 -0.985715
  -0.061714 -0.252857 -0.965143
  Kd 0.75
  Ks 0.45
  Ka 0.15
  Od 0.82 0.82 0.86
  Os 1.0 1.0 1.0
  Kgls 48.0
  Refl 0.25

Triangle
  0.061715 -0.252857 -0.965143
  0.072 -0.299143 -0.954857
  0.087429 -0.299143 -0.975429
  Kd 0.75
  Ks 0.45
  Ka 0.15
  Od 0.82 0.82 0.86
  Os 1.0 1.0 1.0
  Kgls 48.0
  Refl 0.25

Triangle
  0.061715 -0.252857 -0.965143
  0.087429 -0.299143 -0.975429
  0.072 -0.237429 -0.985715
  Kd 0.75
  Ks 0.45
  Ka 0.15
  Od 0.82 0.82 0.86
  Os 1.0 1.0 1.0
  Kgls 48.0
  Refl 0.25

Triangle
  -0.061714 -0.252857 -0.965143
  -0.072 -0.237429 -0.985715
  -0.087429 -0.299143 -0.975429
  Kd 0.75
  Ks 0.45
  Ka 0.15
  Od 0.82 0.82 0.86
  Os 1.0 1.0 1.0
  Kgls 48.0
  Refl 0.25

Triangle
  -0.061714 -0.252857 -0.965143
  -0.087429 -0.299143 -0.975429
  -0.072 -0.299143 -0.954857
  Kd 0.75
  Ks 0.45
  Ka 0.15
  Od 0.82 0.82 0.86
  Os 1.0 1.0 1.0
  Kgls 48.0
  Refl 0.25

Triangle
  0.072 -0.299143 -0.954857
  0.051429 -0.314571 -0.970286
  0.061715 -0.33 -0.985715
  Kd 0.75
  Ks 0.45
  Ka 0.15
  Od 0.82 0.82 0.86
  Os 1.0 1.0 1.0
  Kgls 48.0
  Refl 0.25

Triangle
  0.072 -0.299143 -0.954857
  0.061715 -0.33 -0.985715
  0.087429 -0.299143 -0.975429
  Kd 0.75
  Ks 0.45
  Ka 0.15
  Od 0.82 0.82 0.86
  Os 1.0 1.0 1.0
  Kgls 48.0
  Refl 0.25

Triangle
  -0.072 -0.299143 -0.954857
  -0.087429 -0.299143 -0.975429
  -0.061714 -0.33 -0.985715
  Kd 0.75
  Ks 0.45
  Ka 0.15
  Od 0.82 0.82 0.86
  Os 1.0 1.0 1.0
  Kgls 48.0
  Refl 0.25

Triangle
  -0.072 -0.299143 -0.954857
  -0.061714 -0.33 -0.985715
  -0.051428 -0.314571 -0.970286
  Kd 0.75
  Ks 0.45
  Ka 0.15
  Od 0.82 0.82 0.86
  Os 1.0 1.0 1.0
  Kgls 48.0
  Refl 0.25

Triangle
  0.072 -0.299143 -0.954857
  0.061715 -0.252857 -0.965143
  0.030857 -0.247715 -0.965143
  Kd 0.75
  Ks 0.45
  Ka 0.15
  Od 0.82 0.82 0.86
  Os 1.0 1.0 1.0
  Kgls 48.0
  Refl 0.25

Triangle
  0.072 -0.299143 -0.954857
  0.030857 -0.247715 -0.965143
  0 -0.283714 -0.954857
  Kd 0.75
  Ks 0.45
  Ka 0.15
  Od 0.82 0.82 0.86
  Os 1.0 1.0 1.0
  Kgls 48.0
  Refl 0.25

Triangle
  -0.072 -0.299143 -0.954857
  0 -0.283714 -0.954857
  -0.030857 -0.247715 -0.965143
  Kd 0.75
  Ks 0.45
  Ka 0.15
  Od 0.82 0.82 0.86
  Os 1.0 1.0 1.0
  Kgls 48.0
  Refl 0.25

Triangle
  -0.072 -0.299143 -0.954857
  -0.030857 -0.247715 -0.965143
  -0.061714 -0.252857 -0.965143
  Kd 0.75
  Ks 0.45
  Ka 0.15
  Od 0.82 0.82 0.86
  Os 1.0 1.0 1.0
  Kgls 48.0
  Refl 0.25

Triangle
  0 -0.340286 -0.970286
  0.051429 -0.314571 -0.970286
  0.072 -0.299143 -0.954857
  Kd 0.75
  Ks 0.45
  Ka 0.15
  Od 0.82 0.82 0.86
  Os 1.0 1.0 1.0
  Kgls 48.0
  Refl 0.25

Triangle
  0 -0.340286 -0.970286
  0.072 -0.299143 -0.954857
  0 -0.283714 -0.954857
  Kd 0.75
  Ks 0.45
  Ka 0.15
  Od 0.82 0.82 0.86
  Os 1.0 1.0 1.0
  Kgls 48.0
  Refl 0.25

Triangle
  0 -0.340286 -0.970286
  0 -0.283714 -0.954857
  -0.072 -0.299143 -0.954857
  Kd 0.75
  Ks 0.45
  Ka 0.15
  Od 0.82 0.82 0.86
  Os 1.0 1.0 1.0
  Kgls 48.0
  Refl 0.25

Triangle
  0 -0.340286 -0.970286
  -0.072 -0.299143 -0.954857
  -0.051428 -0.314571 -0.970286
  Kd 0.75
  Ks 0.45
  Ka 0.15
  Od 0.82 0.82 0.86
  Os 1.0 1.0 1.0
  Kgls 48.0
  Refl 0.25

Triangle
  0.066857 -0.247715 -1.011429
  0.082286 -0.216857 -0.965143
  0 -0.119143 -1.021714
  Kd 0.75
  Ks 0.45
  Ka 0.15
  Od 0.82 0.82 0.86
  Os 1.0 1.0 1.0
  Kgls 48.0
  Refl 0.25

Triangle
  0.066857 -0.247715 -1.011429
  0 -0.119143 -1.021714
  0 -0.242571 -1.011429
  Kd 0.75
  Ks 0.45
  Ka 0.15
  Od 0.82 0.82 0.86
  Os 1.0 1.0 1.0
  Kgls 48.0
  Refl 0.25

Triangle
  -0.066857 -0.247715 -1.011429
  0 -0.242571 -1.011429
  0 -0.119143 -1.021714
  Kd 0.75
  Ks 0.45
  Ka 0.15
  Od 0.82 0.82 0.86
  Os 1.0 1.0 1.0
  Kgls 48.0
  Refl 0.25

Triangle
  -0.066857 -0.247715 -1.011429
  0 -0.119143 -1.021714
  -0.082285 -0.216857 -0.965143
  Kd 0.75
  Ks 0.45
  Ka 0.15
  Od 0.82 0.82 0.86
  Os 1.0 1.0 1.0
  Kgls 48.0
  Refl 0.25

Triangle
  0.082286 -0.299143 -1.006286
  0.108 -0.309429 -1.032
  0.082286 -0.216857 -0.965143
  Kd 0.75
  Ks 0.45
  Ka 0.15
  Od 0.82 0.82 0.86
  Os 1.0 1.0 1.0
  Kgls 48.0
  Refl 0.25

Triangle
  0.082286 -0.299143 -1.006286
  0.082286 -0.216857 -0.965143
  0.066857 -0.247715 -1.011429
  Kd 0.75
  Ks 0.45
  Ka 0.15
  Od 0.82 0.82 0.86
  Os 1.0 1.0 1.0
  Kgls 48.0
  Refl 0.25

Triangle
  -0.082285 -0.299143 -1.006286
  -0.066857 -0.247715 -1.011429
  -0.082285 -0.216857 -0.965143
  Kd 0.75
  Ks 0.45
  Ka 0.15
  Od 0.82 0.82 0.86
  Os 1.0 1.0 1.0
  Kgls 48.0
  Refl 0.25

Triangle
  -0.082285 -0.299143 -1.006286
  -0.082285 -0.216857 -0.965143
  -0.108 -0.309429 -1.032
  Kd 0.75
  Ks 0.45
  Ka 0.15
  Od 0.82 0.82 0.86
  Os 1.0 1.0 1.0
  Kgls 48.0
  Refl 0.25

Triangle
  0.056571 -0.340286 -1.011429
  0.118286 -0.355714 -1.032
  0.108 -0.309429 -1.032
  Kd 0.75
  Ks 0.45
  Ka 0.15
  Od 0.82 0.82 0.86
  Os 1.0 1.0 1.0
  Kgls 48.0
  Refl 0.25

Triangle
  0.056571 -0.340286 -1.011429
  0.108 -0.309429 -1.032
  0.082286 -0.299143 -1.006286
  Kd 0.75
  Ks 0.45
  Ka 0.15
  Od 0.82 0.82 0.86
  Os 1.0 1.0 1.0
  Kgls 48.0
  Refl 0.25

Triangle
  -0.056571 -0.340286 -1.011429
  -0.082285 -0.299143 -1.006286
  -0.108 -0.309429 -1.032
  Kd 0.75
  Ks 0.45
  Ka 0.15
  Od 0.82 0.82 0.86
  Os 1.0 1.0 1.0
  Kgls 48.0
  Refl 0.25

Triangle
  -0.056571 -0.340286 -1.011429
  -0.108 -0.309429 -1.032
  -0.118286 -0.355714 -1.032
  Kd 0.75
  Ks 0.45
  Ka 0.15
  Od 0.82 0.82 0.86
  Os 1.0 1.0 1.0
  Kgls 48.0
  Refl 0.25

Triangle
  0.051429 -0.443143 -1.006286
  0.138857 -0.443143 -1.032
  0.118286 -0.355714 -1.032
  Kd 0.75
  Ks 0.45
  Ka 0.15
  Od 0.82 0.82 0.86
  Os 1.0 1.0 1.0
  Kgls 48.0
  Refl 0.25

Triangle
  0.051429 -0.443143 -1.006286
  0.118286 -0.355714 -1.032
  0.056571 -0.340286 -1.011429
  Kd 0.75
  Ks 0.45
  Ka 0.15
  Od 0.82 0.82 0.86
  Os 1.0 1.0 1.0
  Kgls 48.0
  Refl 0.25

Triangle
  -0.051428 -0.443143 -1.006286
  -0.056571 -0.340286 -1.011429
  -0.118286 -0.355714 -1.032
  Kd 0.75
  Ks 0.45
  Ka 0.15
  Od 0.82 0.82 0.86
  Os 1.0 1.0 1.0
  Kgls 48.0
  Refl 0.25

Triangle
  -0.051428 -0.443143 -1.006286
  -0.118286 -0.355714 -1.032
  -0.138857 -0.443143 -1.032
  Kd 0.75
  Ks 0.45
  Ka 0.15
  Od 0.82 0.82 0.86
  Os 1.0 1.0 1.0
  Kgls 48.0
  Refl 0.25

Triangle
  0.169714 -0.355714 -1.134857
  0.118286 -0.355714 -1.032
  0.138857 -0.443143 -1.032
  Kd 0.75
  Ks 0.45
  Ka 0.15
  Od 0.82 0.82 0.86
  Os 1.0 1.0 1.0
  Kgls 48.0
  Refl 0.25

Triangle
  0.169714 -0.355714 -1.134857
  0.138857 -0.443143 -1.032
  0.205715 -0.438 -1.124571
  Kd 0.75
  Ks 0.45
  Ka 0.15
  Od 0.82 0.82 0.86
  Os 1.0 1.0 1.0
  Kgls 48.0
  Refl 0.25

Triangle
  -0.169714 -0.355714 -1.134857
  -0.205714 -0.438 -1.124571
  -0.138857 -0.443143 -1.032
  Kd 0.75
  Ks 0.45
  Ka 0.15
  Od 0.82 0.82 0.86
  Os 1.0 1.0 1.0
  Kgls 48.0
  Refl 0.25

Triangle
  -0.169714 -0.355714 -1.134857
  -0.138857 -0.443143 -1.032
  -0.118286 -0.355714 -1.032
  Kd 0.75
  Ks 0.45
  Ka 0.15
  Od 0.82 0.82 0.86
  Os 1.0 1.0 1.0
  Kgls 48.0
  Refl 0.25

Triangle
  0.154286 -0.314571 -1.134857
  0.108 -0.309429 -1.032
  0.118286 -0.355714 -1.032
  Kd 0.75
  Ks 0.45
  Ka 0.15
  Od 0.82 0.82 0.86
  Os 1.0 1.0 1.0
  Kgls 48.0
  Refl 0.25

Triangle
  0.154286 -0.314571 -1.134857
  0.118286 -0.355714 -1.032
  0.169714 -0.355714 -1.134857
  Kd 0.75
  Ks 0.45
  Ka 0.15
  Od 0.82 0.82 0.86
  Os 1.0 1.0 1.0
  Kgls 48.0
  Refl 0.25

Triangle
  -0.154285 -0.314571 -1.134857
  -0.169714 -0.355714 -1.134857
  -0.118286 -0.355714 -1.032
  Kd 0.75
  Ks 0.45
  Ka 0.15
  Od 0.82 0.82 0.86
  Os 1.0 1.0 1.0
  Kgls 48.0
  Refl 0.25

Triangle
  -0.154285 -0.314571 -1.134857
  -0.118286 -0.355714 -1.032
  -0.108 -0.309429 -1.032
  Kd 0.75
  Ks 0.45
  Ka 0.15
  Od 0.82 0.82 0.86
  Os 1.0 1.0 1.0
  Kgls 48.0
  Refl 0.25

Triangle
  0.082286 -0.216857 -0.965143
  0.108 -0.309429 -1.032
  0.154286 -0.314571 -1.134857
  Kd 0.75
  Ks 0.45
  Ka 0.15
  Od 0.82 0.82 0.86
  Os 1.0 1.0 1.0
  Kgls 48.0
  Refl 0.25

Triangle
  0.082286 -0.216857 -0.965143
  0.154286 -0.314571 -1.134857
  0.133715 -0.273429 -1.129715
  Kd 0.75
  Ks 0.45
  Ka 0.15
  Od 0.82 0.82 0.86
  Os 1.0 1.0 1.0
  Kgls 48.0
  Refl 0.25

Triangle
  -0.082285 -0.216857 -0.965143
  -0.133714 -0.273429 -1.129715
  -0.154285 -0.314571 -1.134857
  Kd 0.75
  Ks 0.45
  Ka 0.15
  Od 0.82 0.82 0.86
  Os 1.0 1.0 1.0
  Kgls 48.0
  Refl 0.25

Triangle
  -0.082285 -0.216857 -0.965143
  -0.154285 -0.314571 -1.134857
  -0.108 -0.309429 -1.032
  Kd 0.75
  Ks 0.45
  Ka 0.15
  Od 0.82 0.82 0.86
  Os 1.0 1.0 1.0
  Kgls 48.0
  Refl 0.25

Triangle
  0 -0.654 -1.016572
  0 -0.659143 -1.026857
  0.061715 -0.638572 -1.021714
  Kd 0.75
  Ks 0.45
  Ka 0.15
  Od 0.82 0.82 0.86
  Os 1.0 1.0 1.0
  Kgls 48.0
  Refl 0.25

Triangle
  0 -0.654 -1.016572
  0.061715 -0.638572 -1.021714
  0.072 -0.623143 -1.016572
  Kd 0.75
  Ks 0.45
  Ka 0.15
  Od 0.82 0.82 0.86
  Os 1.0 1.0 1.0
  Kgls 48.0
  Refl 0.25

Triangle
  0 -0.654 -1.016572
  -0.072 -0.623143 -1.016572
  -0.061714 -0.638572 -1.021714
  Kd 0.75
  Ks 0.45
  Ka 0.15
  Od 0.82 0.82 0.86
  Os 1.0 1.0 1.0
  Kgls 48.0
  Refl 0.25

Triangle
  0 -0.654 -1.016572
  -0.061714 -0.638572 -1.021714
  0 -0.659143 -1.026857
  Kd 0.75
  Ks 0.45
  Ka 0.15
  Od 0.82 0.82 0.86
  Os 1.0 1.0 1.0
  Kgls 48.0
  Refl 0.25

Triangle
  0.072 -0.623143 -1.016572
  0.061715 -0.638572 -1.021714
  0.061715 -0.69 -1.032
  Kd 0.75
  Ks 0.45
  Ka 0.15
  Od 0.82 0.82 0.86
  Os 1.0 1.0 1.0
  Kgls 48.0
  Refl 0.25

Triangle
  0.072 -0.623143 -1.016572
  0.061715 -0.69 -1.032
  0.077143 -0.700286 -1.032
  Kd 0.75
  Ks 0.45
  Ka 0.15
  Od 0.82 0.82 0.86
  Os 1.0 1.0 1.0
  Kgls 48.0
  Refl 0.25

Triangle
  -0.072 -0.623143 -1.016572
  -0.077143 -0.700286 -1.032
  -0.061714 -0.69 -1.032
  Kd 0.75
  Ks 0.45
  Ka 0.15
  Od 0.82 0.82 0.86
  Os 1.0 1.0 1.0
  Kgls 48.0
  Refl 0.25

Triangle
  -0.072 -0.623143 -1.016572
  -0.061714 -0.69 -1.032
  -0.061714 -0.638572 -1.021714
  Kd 0.75
  Ks 0.45
  Ka 0.15
  Od 0.82 0.82 0.86
  Os 1.0 1.0 1.0
  Kgls 48.0
  Refl 0.25

Triangle
  0.077143 -0.700286 -1.032
  0.061715 -0.69 -1.032
  0.030857 -0.720857 -1.047429
  Kd 0.75
  Ks 0.45
  Ka 0.15
  Od 0.82 0.82 0.86
  Os 1.0 1.0 1.0
  Kgls 48.0
  Refl 0.25

Triangle
  0.077143 -0.700286 -1.032
  0.030857 -0.720857 -1.047429
  0.041143 -0.731143 -1.042286
  Kd 0.75
  Ks 0.45
  Ka 0.15
  Od 0.82 0.82 0.86
  Os 1.0 1.0 1.0
  Kgls 48.0
  Refl 0.25

Triangle
  -0.077143 -0.700286 -1.032
  -0.041143 -0.731143 -1.042286
  -0.030857 -0.720857 -1.047429
  Kd 0.75
  Ks 0.45
  Ka 0.15
  Od 0.82 0.82 0.86
  Os 1.0 1.0 1.0
  Kgls 48.0
  Refl 0.25

Triangle
  -0.077143 -0.700286 -1.032
  -0.030857 -0.720857 -1.047429
  -0.061714 -0.69 -1.032
  Kd 0.75
  Ks 0.45
  Ka 0.15
  Od 0.82 0.82 0.86
  Os 1.0 1.0 1.0
  Kgls 48.0
  Refl 0.25

Triangle
  0.041143 -0.731143 -1.042286
  0.030857 -0.720857 -1.047429
  0 -0.726 -1.047429
  Kd 0.75
  Ks 0.45
  Ka 0.15
  Od 0.82 0.82 0.86
  Os 1.0 1.0 1.0
  Kgls 48.0
  Refl 0.25

Triangle
  0.041143 -0.731143 -1.042286
  0 -0.726 -1.047429
  0 -0.736286 -1.047429
  Kd 0.75
  Ks 0.45
  Ka 0.15
  Od 0.82 0.82 0.86
  Os 1.0 1.0 1.0
  Kgls 48.0
  Refl 0.25

Triangle
  -0.041143 -0.731143 -1.042286
  0 -0.736286 -1.047429
  0 -0.726 -1.047429
  Kd 0.75
  Ks 0.45
  Ka 0.15
  Od 0.82 0.82 0.86
  Os 1.0 1.0 1.0
  Kgls 48.0
  Refl 0.25

Triangle
  -0.041143 -0.731143 -1.042286
  0 -0.726 -1.047429
  -0.030857 -0.720857 -1.047429
  Kd 0.75
  Ks 0.45
  Ka 0.15
  Od 0.82 0.82 0.86
  Os 1.0 1.0 1.0
  Kgls 48.0
  Refl 0.25

Triangle
  0.030857 -0.720857 -1.047429
  0.030857 -0.710572 -1.083429
  0 -0.715714 -1.083429
  Kd 0.75
  Ks 0.45
  Ka 0.15
  Od 0.82 0.82 0.86
  Os 1.0 1.0 1.0
  Kgls 48.0
  Refl 0.25

Triangle
  0.030857 -0.720857 -1.047429
  0 -0.715714 -1.083429
  0 -0.726 -1.047429
  Kd 0.75
  Ks 0.45
  Ka 0.15
  Od 0.82 0.82 0.86
  Os 1.0 1.0 1.0
  Kgls 48.0
  Refl 0.25

Triangle
  -0.030857 -0.720857 -1.047429
  0 -0.726 -1.047429
  0 -0.715714 -1.083429
  Kd 0.75
  Ks 0.45
  Ka 0.15
  Od 0.82 0.82 0.86
  Os 1.0 1.0 1.0
  Kgls 48.0
  Refl 0.25

Triangle
  -0.030857 -0.720857 -1.047429
  0 -0.715714 -1.083429
  -0.030857 -0.710572 -1.083429
  Kd 0.75
  Ks 0.45
  Ka 0.15
  Od 0.82 0.82 0.86
  Os 1.0 1.0 1.0
  Kgls 48.0
  Refl 0.25

Triangle
  0.061715 -0.69 -1.032
  0.061715 -0.684857 -1.078286
  0.030857 -0.710572 -1.083429
  Kd 0.75
  Ks 0.45
  Ka 0.15
  Od 0.82 0.82 0.86
  Os 1.0 1.0 1.0
  Kgls 48.0
  Refl 0.25

Triangle
  0.061715 -0.69 -1.032
  0.030857 -0.710572 -1.083429
  0.030857 -0.720857 -1.047429
  Kd 0.75
  Ks 0.45
  Ka 0.15
  Od 0.82 0.82 0.86
  Os 1.0 1.0 1.0
  Kgls 48.0
  Refl 0.25

Triangle
  -0.061714 -0.69 -1.032
  -0.030857 -0.720857 -1.047429
  -0.030857 -0.710572 -1.083429
  Kd 0.75
  Ks 0.45
  Ka 0.15
  Od 0.82 0.82 0.86
  Os 1.0 1.0 1.0
  Kgls 48.0
  Refl 0.25

Triangle
  -0.061714 -0.69 -1.032
  -0.030857 -0.710572 -1.083429
  -0.061714 -0.684857 -1.078286
  Kd 0.75
  Ks 0.45
  Ka 0.15
  Od 0.82 0.82 0.86
  Os 1.0 1.0 1.0
  Kgls 48.0
  Refl 0.25

Triangle
  0.061715 -0.638572 -1.021714
  0.061715 -0.643714 -1.062857
  0.061715 -0.684857 -1.078286
  Kd 0.75
  Ks 0.45
  Ka 0.15
  Od 0.82 0.82 0.86
  Os 1.0 1.0 1.0
  Kgls 48.0
  Refl 0.25

Triangle
  0.061715 -0.638572 -1.021714
  0.061715 -0.684857 -1.078286
  0.061715 -0.69 -1.032
  Kd 0.75
  Ks 0.45
  Ka 0.15
  Od 0.82 0.82 0.86
  Os 1.0 1.0 1.0
  Kgls 48.0
  Refl 0.25

Triangle
  -0.061714 -0.638572 -1.021714
  -0.061714 -0.69 -1.032
  -0.061714 -0.684857 -1.078286
  Kd 0.75
  Ks 0.45
  Ka 0.15
  Od 0.82 0.82 0.86
  Os 1.0 1.0 1.0
  Kgls 48.0
  Refl 0.25

Triangle
  -0.061714 -0.638572 -1.021714
  -0.061714 -0.684857 -1.078286
  -0.061714 -0.643714 -1.062857
  Kd 0.75
  Ks 0.45
  Ka 0.15
  Od 0.82 0.82 0.86
  Os 1.0 1.0 1.0
  Kgls 48.0
  Refl 0.25

Triangle
  0 -0.659143 -1.026857
  0 -0.664286 -1.068
  0.061715 -0.643714 -1.062857
  Kd 0.75
  Ks 0.45
  Ka 0.15
  Od 0.82 0.82 0.86
  Os 1.0 1.0 1.0
  Kgls 48.0
  Refl 0.25

Triangle
  0 -0.659143 -1.026857
  0.061715 -0.643714 -1.062857
  0.061715 -0.638572 -1.021714
  Kd 0.75
  Ks 0.45
  Ka 0.15
  Od 0.82 0.82 0.86
  Os 1.0 1.0 1.0
  Kgls 48.0
  Refl 0.25

Triangle
  0 -0.659143 -1.026857
  -0.061714 -0.638572 -1.021714
  -0.061714 -0.643714 -1.062857
  Kd 0.75
  Ks 0.45
  Ka 0.15
  Od 0.82 0.82 0.86
  Os 1.0 1.0 1.0
  Kgls 48.0
  Refl 0.25

Triangle
  0 -0.659143 -1.026857
  -0.061714 -0.643714 -1.062857
  0 -0.664286 -1.068
  Kd 0.75
  Ks 0.45
  Ka 0.15
  Od 0.82 0.82 0.86
  Os 1.0 1.0 1.0
  Kgls 48.0
  Refl 0.25

Triangle
  0 -0.715714 -1.083429
  0.030857 -0.710572 -1.083429
  0.061715 -0.643714 -1.062857
  Kd 0.75
  Ks 0.45
  Ka 0.15
  Od 0.82 0.82 0.86
  Os 1.0 1.0 1.0
  Kgls 48.0
  Refl 0.25

Triangle
  0 -0.715714 -1.083429
  0.061715 -0.643714 -1.062857
  0 -0.664286 -1.068
  Kd 0.75
  Ks 0.45
  Ka 0.15
  Od 0.82 0.82 0.86
  Os 1.0 1.0 1.0
  Kgls 48.0
  Refl 0.25

Triangle
  0 -0.715714 -1.083429
  0 -0.664286 -1.068
  -0.061714 -0.643714 -1.062857
  Kd 0.75
  Ks 0.45
  Ka 0.15
  Od 0.82 0.82 0.86
  Os 1.0 1.0 1.0
  Kgls 48.0
  Refl 0.25

Triangle
  0 -0.715714 -1.083429
  -0.061714 -0.643714 -1.062857
  -0.030857 -0.710572 -1.083429
  Kd 0.75
  Ks 0.45
  Ka 0.15
  Od 0.82 0.82 0.86
  Os 1.0 1.0 1.0
  Kgls 48.0
  Refl 0.25

Triangle
  0.030857 -0.710572 -1.083429
  0.061715 -0.684857 -1.078286
  0.061715 -0.643714 -1.062857
  Kd 0.75
  Ks 0.45
  Ka 0.15
  Od 0.82 0.82 0.86
  Os 1.0 1.0 1.0
  Kgls 48.0
  Refl 0.25

Triangle
  -0.030857 -0.710572 -1.083429
  -0.061714 -0.643714 -1.062857
  -0.061714 -0.684857 -1.078286
  Kd 0.75
  Ks 0.45
  Ka 0.15
  Od 0.82 0.82 0.86
  Os 1.0 1.0 1.0
  Kgls 48.0
  Refl 0.25

Triangle
  0.108 -0.057429 -1.006286
  0.123429 -0.047143 -0.990857
  0.113143 -0.006 -0.985715
  Kd 0.75
  Ks 0.45
  Ka 0.15
  Od 0.82 0.82 0.86
  Os 1.0 1.0 1.0
  Kgls 48.0
  Refl 0.25

Triangle
  0.108 -0.057429 -1.006286
  0.113143 -0.006 -0.985715
  0.087429 -0.011143 -1.001143
  Kd 0.75
  Ks 0.45
  Ka 0.15
  Od 0.82 0.82 0.86
  Os 1.0 1.0 1.0
  Kgls 48.0
  Refl 0.25

Triangle
  -0.108 -0.057429 -1.006286
  -0.087429 -0.011143 -1.001143
  -0.113143 -0.006 -0.985715
  Kd 0.75
  Ks 0.45
  Ka 0.15
  Od 0.82 0.82 0.86
  Os 1.0 1.0 1.0
  Kgls 48.0
  Refl 0.25

Triangle
  -0.108 -0.057429 -1.006286
  -0.113143 -0.006 -0.985715
  -0.123428 -0.047143 -0.990857
  Kd 0.75
  Ks 0.45
  Ka 0.15
  Od 0.82 0.82 0.86
  Os 1.0 1.0 1.0
  Kgls 48.0
  Refl 0.25

Triangle
  0.087429 -0.011143 -1.001143
  0.113143 -0.006 -0.985715
  0.118286 0.045429 -0.985715
  Kd 0.75
  Ks 0.45
  Ka 0.15
  Od 0.82 0.82 0.86
  Os 1.0 1.0 1.0
  Kgls 48.0
  Refl 0.25

Triangle
  0.087429 -0.011143 -1.001143
  0.118286 0.045429 -0.985715
  0.082286 0.050571 -0.996
  Kd 0.75
  Ks 0.45
  Ka 0.15
  Od 0.82 0.82 0.86
  Os 1.0 1.0 1.0
  Kgls 48.0
  Refl 0.25

Triangle
  -0.087429 -0.011143 -1.001143
  -0.082285 0.050571 -0.996
  -0.118286 0.045429 -0.985715
  Kd 0.75
  Ks 0.45
  Ka 0.15
  Od 0.82 0.82 0.86
  Os 1.0 1.0 1.0
  Kgls 48.0
  Refl 0.25

Triangle
  -0.087429 -0.011143 -1.001143
  -0.118286 0.045429 -0.985715
  -0.113143 -0.006 -0.985715
  Kd 0.75
  Ks 0.45
  Ka 0.15
  Od 0.82 0.82 0.86
  Os 1.0 1.0 1.0
  Kgls 48.0
  Refl 0.25

Triangle
  0.082286 0.050571 -0.996
  0.118286 0.045429 -0.985715
  0.138857 0.096857 -0.985715
  Kd 0.75
  Ks 0.45
  Ka 0.15
  Od 0.82 0.82 0.86
  Os 1.0 1.0 1.0
  Kgls 48.0
  Refl 0.25

Triangle
  0.082286 0.050571 -0.996
  0.138857 0.096857 -0.985715
  0.108 0.122571 -0.990857
  Kd 0.75
  Ks 0.45
  Ka 0.15
  Od 0.82 0.82 0.86
  Os 1.0 1.0 1.0
  Kgls 48.0
  Refl 0.25

Triangle
  -0.082285 0.050571 -0.996
  -0.108 0.122571 -0.990857
  -0.138857 0.096857 -0.985715
  Kd 0.75
  Ks 0.45
  Ka 0.15
  Od 0.82 0.82 0.86
  Os 1.0 1.0 1.0
  Kgls 48.0
  Refl 0.25

Triangle
  -0.082285 0.050571 -0.996
  -0.138857 0.096857 -0.985715
  -0.118286 0.045429 -0.985715
  Kd 0.75
  Ks 0.45
  Ka 0.15
  Od 0.82 0.82 0.86
  Os 1.0 1.0 1.0
  Kgls 48.0
  Refl 0.25

Triangle
  0.133715 -0.088286 -1.011429
  0.149143 -0.078 -0.985715
  0.123429 -0.047143 -0.990857
  Kd 0.75
  Ks 0.45
  Ka 0.15
  Od 0.82 0.82 0.86
  Os 1.0 1.0 1.0
  Kgls 48.0
  Refl 0.25

Triangle
  0.133715 -0.088286 -1.011429
  0.123429 -0.047143 -0.990857
  0.108 -0.057429 -1.006286
  Kd 0.75
  Ks 0.45
  Ka 0.15
  Od 0.82 0.82 0.86
  Os 1.0 1.0 1.0
  Kgls 48.0
  Refl 0.25

Triangle
  -0.133714 -0.088286 -1.011429
  -0.108 -0.057429 -1.006286
  -0.123428 -0.047143 -0.990857
  Kd 0.75
  Ks 0.45
  Ka 0.15
  Od 0.82 0.82 0.86
  Os 1.0 1.0 1.0
  Kgls 48.0
  Refl 0.25

Triangle
  -0.133714 -0.088286 -1.011429
  -0.123428 -0.047143 -0.990857
  -0.149143 -0.078 -0.985715
  Kd 0.75
  Ks 0.45
  Ka 0.15
  Od 0.82 0.82 0.86
  Os 1.0 1.0 1.0
  Kgls 48.0
  Refl 0.25

Triangle
  0.246857 -0.139714 -1.037143
  0.246857 -0.108857 -1.011429
  0.149143 -0.078 -0.985715
  Kd 0.75
  Ks 0.45
  Ka 0.15
  Od 0.82 0.82 0.86
  Os 1.0 1.0 1.0
  Kgls 48.0
  Refl 0.25

Triangle
  0.246857 -0.139714 -1.037143
  0.149143 -0.078 -0.985715
  0.133715 -0.088286 -1.011429
  Kd 0.75
  Ks 0.45
  Ka 0.15
  Od 0.82 0.82 0.86
  Os 1.0 1.0 1.0
  Kgls 48.0
  Refl 0.25

Triangle
  -0.246857 -0.139714 -1.037143
  -0.133714 -0.088286 -1.011429
  -0.149143 -0.078 -0.985715
  Kd 0.75
  Ks 0.45
  Ka 0.15
  Od 0.82 0.82 0.86
  Os 1.0 1.0 1.0
  Kgls 48.0
  Refl 0.25

Triangle
  -0.246857 -0.139714 -1.037143
  -0.149143 -0.078 -0.985715
  -0.246857 -0.108857 -1.011429
  Kd 0.75
  Ks 0.45
  Ka 0.15
  Od 0.82 0.82 0.86
  Os 1.0 1.0 1.0
  Kgls 48.0
  Refl 0.25

Triangle
  0.324 -0.108857 -1.057715
  0.313714 -0.083143 -1.026857
  0.246857 -0.108857 -1.011429
  Kd 0.75
  Ks 0.45
  Ka 0.15
  Od 0.82 0.82 0.86
  Os 1.0 1.0 1.0
  Kgls 48.0
  Refl 0.25

Triangle
  0.324 -0.108857 -1.057715
  0.246857 -0.108857 -1.011429
  0.246857 -0.139714 -1.037143
  Kd 0.75
  Ks 0.45
  Ka 0.15
  Od 0.82 0.82 0.86
  Os 1.0 1.0 1.0
  Kgls 48.0
  Refl 0.25

Triangle
  -0.324 -0.108857 -1.057715
  -0.246857 -0.139714 -1.037143
  -0.246857 -0.108857 -1.011429
  Kd 0.75
  Ks 0.45
  Ka 0.15
  Od 0.82 0.82 0.86
  Os 1.0 1.0 1.0
  Kgls 48.0
  Refl 0.25

Triangle
  -0.324 -0.108857 -1.057715
  -0.246857 -0.108857 -1.011429
  -0.313714 -0.083143 -1.026857
  Kd 0.75
  Ks 0.45
  Ka 0.15
  Od 0.82 0.82 0.86
  Os 1.0 1.0 1.0
  Kgls 48.0
  Refl 0.25

Triangle
  0.411429 -0.026571 -1.073143
  0.380572 -0.021429 -1.052571
  0.313714 -0.083143 -1.026857
  Kd 0.75
  Ks 0.45
  Ka 0.15
  Od 0.82 0.82 0.86
  Os 1.0 1.0 1.0
  Kgls 48.0
  Refl 0.25

Triangle
  0.411429 -0.026571 -1.073143
  0.313714 -0.083143 -1.026857
  0.324 -0.108857 -1.057715
  Kd 0.75
  Ks 0.45
  Ka 0.15
  Od 0.82 0.82 0.86
  Os 1.0 1.0 1.0
  Kgls 48.0
  Refl 0.25

Triangle
  -0.411428 -0.026571 -1.073143
  -0.324 -0.108857 -1.057715
  -0.313714 -0.083143 -1.026857
  Kd 0.75
  Ks 0.45
  Ka 0.15
  Od 0.82 0.82 0.86
  Os 1.0 1.0 1.0
  Kgls 48.0
  Refl 0.25

Triangle
  -0.411428 -0.026571 -1.073143
  -0.313714 -0.083143 -1.026857
  -0.380571 -0.021429 -1.052571
  Kd 0.75
  Ks 0.45
  Ka 0.15
  Od 0.82 0.82 0.86
  Os 1.0 1.0 1.0
  Kgls 48.0
  Refl 0.25

Triangle
  0.421715 0.045429 -1.073143
  0.385714 0.040285 -1.047429
  0.380572 -0.021429 -1.052571
  Kd 0.75
  Ks 0.45
  Ka 0.15
  Od 0.82 0.82 0.86
  Os 1.0 1.0 1.0
  Kgls 48.0
  Refl 0.25

Triangle
  0.421715 0.045429 -1.073143
  0.380572 -0.021429 -1.052571
  0.411429 -0.026571 -1.073143
  Kd 0.75
  Ks 0.45
  Ka 0.15
  Od 0.82 0.82 0.86
  Os 1.0 1.0 1.0
  Kgls 48.0
  Refl 0.25

Triangle
  -0.421714 0.045429 -1.073143
  -0.411428 -0.026571 -1.073143
  -0.380571 -0.021429 -1.052571
  Kd 0.75
  Ks 0.45
  Ka 0.15
  Od 0.82 0.82 0.86
  Os 1.0 1.0 1.0
  Kgls 48.0
  Refl 0.25

Triangle
  -0.421714 0.045429 -1.073143
  -0.380571 -0.021429 -1.052571
  -0.385714 0.040285 -1.047429
  Kd 0.75
  Ks 0.45
  Ka 0.15
  Od 0.82 0.82 0.86
  Os 1.0 1.0 1.0
  Kgls 48.0
  Refl 0.25

Triangle
  0.396 0.096857 -1.062857
  0.370286 0.081428 -1.042286
  0.385714 0.040285 -1.047429
  Kd 0.75
  Ks 0.45
  Ka 0.15
  Od 0.82 0.82 0.86
  Os 1.0 1.0 1.0
  Kgls 48.0
  Refl 0.25

Triangle
  0.396 0.096857 -1.062857
  0.385714 0.040285 -1.047429
  0.421715 0.045429 -1.073143
  Kd 0.75
  Ks 0.45
  Ka 0.15
  Od 0.82 0.82 0.86
  Os 1.0 1.0 1.0
  Kgls 48.0
  Refl 0.25

Triangle
  -0.396 0.096857 -1.062857
  -0.421714 0.045429 -1.073143
  -0.385714 0.040285 -1.047429
  Kd 0.75
  Ks 0.45
  Ka 0.15
  Od 0.82 0.82 0.86
  Os 1.0 1.0 1.0
  Kgls 48.0
  Refl 0.25

Triangle
  -0.396 0.096857 -1.062857
  -0.385714 0.040285 -1.047429
  -0.370285 0.081428 -1.042286
  Kd 0.75
  Ks 0.45
  Ka 0.15
  Od 0.82 0.82 0.86
  Os 1.0 1.0 1.0
  Kgls 48.0
  Refl 0.25

Triangle
  0.282857 0.138 -1.026857
  0.277715 0.112285 -0.990857
  0.370286 0.081428 -1.042286
  Kd 0.75
  Ks 0.45
  Ka 0.15
  Od 0.82 0.82 0.86
  Os 1.0 1.0 1.0
  Kgls 48.0
  Refl 0.25

Triangle
  0.282857 0.138 -1.026857
  0.370286 0.081428 -1.042286
  0.396 0.096857 -1.062857
  Kd 0.75
  Ks 0.45
  Ka 0.15
  Od 0.82 0.82 0.86
  Os 1.0 1.0 1.0
  Kgls 48.0
  Refl 0.25

Triangle
  -0.282857 0.138 -1.026857
  -0.396 0.096857 -1.062857
  -0.370285 0.081428 -1.042286
  Kd 0.75
  Ks 0.45
  Ka 0.15
  Od 0.82 0.82 0.86
  Os 1.0 1.0 1.0
  Kgls 48.0
  Refl 0.25

Triangle
  -0.282857 0.138 -1.026857
  -0.370285 0.081428 -1.042286
  -0.277714 0.112285 -0.990857
  Kd 0.75
  Ks 0.45
  Ka 0.15
  Od 0.82 0.82 0.86
  Os 1.0 1.0 1.0
  Kgls 48.0
  Refl 0.25

Triangle
  0.216 0.163714 -1.011429
  0.221143 0.132857 -1.001143
  0.277715 0.112285 -0.990857
  Kd 0.75
  Ks 0.45
  Ka 0.15
  Od 0.82 0.82 0.86
  Os 1.0 1.0 1.0
  Kgls 48.0
  Refl 0.25

Triangle
  0.216 0.163714 -1.011429
  0.277715 0.112285 -0.990857
  0.282857 0.138 -1.026857
  Kd 0.75
  Ks 0.45
  Ka 0.15
  Od 0.82 0.82 0.86
  Os 1.0 1.0 1.0
  Kgls 48.0
  Refl 0.25

Triangle
  -0.216 0.163714 -1.011429
  -0.282857 0.138 -1.026857
  -0.277714 0.112285 -0.990857
  Kd 0.75
  Ks 0.45
  Ka 0.15
  Od 0.82 0.82 0.86
  Os 1.0 1.0 1.0
  Kgls 48.0
  Refl 0.25

Triangle
  -0.216 0.163714 -1.011429
  -0.277714 0.112285 -0.990857
  -0.221143 0.132857 -1.001143
  Kd 0.75
  Ks 0.45
  Ka 0.15
  Od 0.82 0.82 0.86
  Os 1.0 1.0 1.0
  Kgls 48.0
  Refl 0.25

Triangle
  0.164572 0.158571 -1.001143
  0.18 0.127714 -0.990857
  0.221143 0.132857 -1.001143
  Kd 0.75
  Ks 0.45
  Ka 0.15
  Od 0.82 0.82 0.86
  Os 1.0 1.0 1.0
  Kgls 48.0
  Refl 0.25

Triangle
  0.164572 0.158571 -1.001143
  0.221143 0.132857 -1.001143
  0.216 0.163714 -1.011429
  Kd 0.75
  Ks 0.45
  Ka 0.15
  Od 0.82 0.82 0.86
  Os 1.0 1.0 1.0
  Kgls 48.0
  Refl 0.25

Triangle
  -0.164571 0.158571 -1.001143
  -0.216 0.163714 -1.011429
  -0.221143 0.132857 -1.001143
  Kd 0.75
  Ks 0.45
  Ka 0.15
  Od 0.82 0.82 0.86
  Os 1.0 1.0 1.0
  Kgls 48.0
  Refl 0.25

Triangle
  -0.164571 0.158571 -1.001143
  -0.221143 0.132857 -1.001143
  -0.18 0.127714 -0.990857
  Kd 0.75
  Ks 0.45
  Ka 0.15
  Od 0.82 0.82 0.86
  Os 1.0 1.0 1.0
  Kgls 48.0
  Refl 0.25

Triangle
  0.108 0.122571 -0.990857
  0.138857 0.096857 -0.985715
  0.18 0.127714 -0.990857
  Kd 0.75
  Ks 0.45
  Ka 0.15
  Od 0.82 0.82 0.86
  Os 1.0 1.0 1.0
  Kgls 48.0
  Refl 0.25

Triangle
  0.108 0.122571 -0.990857
  0.18 0.127714 -0.990857
  0.164572 0.158571 -1.001143
  Kd 0.75
  Ks 0.45
  Ka 0.15
  Od 0.82 0.82 0.86
  Os 1.0 1.0 1.0
  Kgls 48.0
  Refl 0.25

Triangle
  -0.108 0.122571 -0.990857
  -0.164571 0.158571 -1.001143
  -0.18 0.127714 -0.990857
  Kd 0.75
  Ks 0.45
  Ka 0.15
  Od 0.82 0.82 0.86
  Os 1.0 1.0 1.0
  Kgls 48.0
  Refl 0.25

Triangle
  -0.108 0.122571 -0.990857
  -0.18 0.127714 -0.990857
  -0.138857 0.096857 -0.985715
  Kd 0.75
  Ks 0.45
  Ka 0.15
  Od 0.82 0.82 0.86
  Os 1.0 1.0 1.0
  Kgls 48.0
  Refl 0.25

Triangle
  0.138857 0.096857 -0.985715
  0.154286 0.086571 -1.001143
  0.185143 0.112285 -0.996
  Kd 0.75
  Ks 0.45
  Ka 0.15
  Od 0.82 0.82 0.86
  Os 1.0 1.0 1.0
  Kgls 48.0
  Refl 0.25

Triangle
  0.138857 0.096857 -0.985715
  0.185143 0.112285 -0.996
  0.18 0.127714 -0.990857
  Kd 0.75
  Ks 0.45
  Ka 0.15
  Od 0.82 0.82 0.86
  Os 1.0 1.0 1.0
  Kgls 48.0
  Refl 0.25

Triangle
  -0.138857 0.096857 -0.985715
  -0.18 0.127714 -0.990857
  -0.185143 0.112285 -0.996
  Kd 0.75
  Ks 0.45
  Ka 0.15
  Od 0.82 0.82 0.86
  Os 1.0 1.0 1.0
  Kgls 48.0
  Refl 0.25

Triangle
  -0.138857 0.096857 -0.985715
  -0.185143 0.112285 -0.996
  -0.154285 0.086571 -1.001143
  Kd 0.75
  Ks 0.45
  Ka 0.15
  Od 0.82 0.82 0.86
  Os 1.0 1.0 1.0
  Kgls 48.0
  Refl 0.25

Triangle
  0.18 0.127714 -0.990857
  0.185143 0.112285 -0.996
  0.221143 0.117429 -1.006286
  Kd 0.75
  Ks 0.45
  Ka 0.15
  Od 0.82 0.82 0.86
  Os 1.0 1.0 1.0
  Kgls 48.0
  Refl 0.25

Triangle
  0.18 0.127714 -0.990857
  0.221143 0.117429 -1.006286
  0.221143 0.132857 -1.001143
  Kd 0.75
  Ks 0.45
  Ka 0.15
  Od 0.82 0.82 0.86
  Os 1.0 1.0 1.0
  Kgls 48.0
  Refl 0.25

Triangle
  -0.18 0.127714 -0.990857
  -0.221143 0.132857 -1.001143
  -0.221143 0.117429 -1.006286
  Kd 0.75
  Ks 0.45
  Ka 0.15
  Od 0.82 0.82 0.86
  Os 1.0 1.0 1.0
  Kgls 48.0
  Refl 0.25

Triangle
  -0.18 0.127714 -0.990857
  -0.221143 0.117429 -1.006286
  -0.185143 0.112285 -0.996
  Kd 0.75
  Ks 0.45
  Ka 0.15
  Od 0.82 0.82 0.86
  Os 1.0 1.0 1.0
  Kgls 48.0
  Refl 0.25

Triangle
  0.221143 0.132857 -1.001143
  0.221143 0.117429 -1.006286
  0.272571 0.107143 -1.006286
  Kd 0.75
  Ks 0.45
  Ka 0.15
  Od 0.82 0.82 0.86
  Os 1.0 1.0 1.0
  Kgls 48.0
  Refl 0.25

Triangle
  0.221143 0.132857 -1.001143
  0.272571 0.107143 -1.006286
  0.277715 0.112285 -0.990857
  Kd 0.75
  Ks 0.45
  Ka 0.15
  Od 0.82 0.82 0.86
  Os 1.0 1.0 1.0
  Kgls 48.0
  Refl 0.25

Triangle
  -0.221143 0.132857 -1.001143
  -0.277714 0.112285 -0.990857
  -0.272571 0.107143 -1.006286
  Kd 0.75
  Ks 0.45
  Ka 0.15
  Od 0.82 0.82 0.86
  Os 1.0 1.0 1.0
  Kgls 48.0
  Refl 0.25

Triangle
  -0.221143 0.132857 -1.001143
  -0.272571 0.107143 -1.006286
  -0.221143 0.117429 -1.006286
  Kd 0.75
  Ks 0.45
  Ka 0.15
  Od 0.82 0.82 0.86
  Os 1.0 1.0 1.0
  Kgls 48.0
  Refl 0.25

Triangle
  0.277715 0.112285 -0.990857
  0.272571 0.107143 -1.006286
  0.349715 0.071143 -1.052571
  Kd 0.75
  Ks 0.45
  Ka 0.15
  Od 0.82 0.82 0.86
  Os 1.0 1.0 1.0
  Kgls 48.0
  Refl 0.25

Triangle
  0.277715 0.112285 -0.990857
  0.349715 0.071143 -1.052571
  0.370286 0.081428 -1.042286
  Kd 0.75
  Ks 0.45
  Ka 0.15
  Od 0.82 0.82 0.86
  Os 1.0 1.0 1.0
  Kgls 48.0
  Refl 0.25

Triangle
  -0.277714 0.112285 -0.990857
  -0.370285 0.081428 -1.042286
  -0.349714 0.071143 -1.052571
  Kd 0.75
  Ks 0.45
  Ka 0.15
  Od 0.82 0.82 0.86
  Os 1.0 1.0 1.0
  Kgls 48.0
  Refl 0.25

Triangle
  -0.277714 0.112285 -0.990857
  -0.349714 0.071143 -1.052571
  -0.272571 0.107143 -1.006286
  Kd 0.75
  Ks 0.45
  Ka 0.15
  Od 0.82 0.82 0.86
  Os 1.0 1.0 1.0
  Kgls 48.0
  Refl 0.25

Triangle
  0.370286 0.081428 -1.042286
  0.349715 0.071143 -1.052571
  0.365143 0.035143 -1.057715
  Kd 0.75
  Ks 0.45
  Ka 0.15
  Od 0.82 0.82 0.86
  Os 1.0 1.0 1.0
  Kgls 48.0
  Refl 0.25

Triangle
  0.370286 0.081428 -1.042286
  0.365143 0.035143 -1.057715
  0.385714 0.040285 -1.047429
  Kd 0.75
  Ks 0.45
  Ka 0.15
  Od 0.82 0.82 0.86
  Os 1.0 1.0 1.0
  Kgls 48.0
  Refl 0.25

Triangle
  -0.370285 0.081428 -1.042286
  -0.385714 0.040285 -1.047429
  -0.365143 0.035143 -1.057715
  Kd 0.75
  Ks 0.45
  Ka 0.15
  Od 0.82 0.82 0.86
  Os 1.0 1.0 1.0
  Kgls 48.0
  Refl 0.25

Triangle
  -0.370285 0.081428 -1.042286
  -0.365143 0.035143 -1.057715
  -0.349714 0.071143 -1.052571
  Kd 0.75
  Ks 0.45
  Ka 0.15
  Od 0.82 0.82 0.86
  Os 1.0 1.0 1.0
  Kgls 48.0
  Refl 0.25

Triangle
  0.385714 0.040285 -1.047429
  0.365143 0.035143 -1.057715
  0.36 -0.011143 -1.057715
  Kd 0.75
  Ks 0.45
  Ka 0.15
  Od 0.82 0.82 0.86
  Os 1.0 1.0 1.0
  Kgls 48.0
  Refl 0.25

Triangle
  0.385714 0.040285 -1.047429
  0.36 -0.011143 -1.057715
  0.380572 -0.021429 -1.052571
  Kd 0.75
  Ks 0.45
  Ka 0.15
  Od 0.82 0.82 0.86
  Os 1.0 1.0 1.0
  Kgls 48.0
  Refl 0.25

Triangle
  -0.385714 0.040285 -1.047429
  -0.380571 -0.021429 -1.052571
  -0.36 -0.011143 -1.057715
  Kd 0.75
  Ks 0.45
  Ka 0.15
  Od 0.82 0.82 0.86
  Os 1.0 1.0 1.0
  Kgls 48.0
  Refl 0.25

Triangle
  -0.385714 0.040285 -1.047429
  -0.36 -0.011143 -1.057715
  -0.365143 0.035143 -1.057715
  Kd 0.75
  Ks 0.45
  Ka 0.15
  Od 0.82 0.82 0.86
  Os 1.0 1.0 1.0
  Kgls 48.0
  Refl 0.25

Triangle
  0.380572 -0.021429 -1.052571
  0.36 -0.011143 -1.057715
  0.303429 -0.072857 -1.037143
  Kd 0.75
  Ks 0.45
  Ka 0.15
  Od 0.82 0.82 0.86
  Os 1.0 1.0 1.0
  Kgls 48.0
  Refl 0.25

Triangle
  0.380572 -0.021429 -1.052571
  0.303429 -0.072857 -1.037143
  0.313714 -0.083143 -1.026857
  Kd 0.75
  Ks 0.45
  Ka 0.15
  Od 0.82 0.82 0.86
  Os 1.0 1.0 1.0
  Kgls 48.0
  Refl 0.25

Triangle
  -0.380571 -0.021429 -1.052571
  -0.313714 -0.083143 -1.026857
  -0.303429 -0.072857 -1.037143
  Kd 0.75
  Ks 0.45
  Ka 0.15
  Od 0.82 0.82 0.86
  Os 1.0 1.0 1.0
  Kgls 48.0
  Refl 0.25

Triangle
  -0.380571 -0.021429 -1.052571
  -0.303429 -0.072857 -1.037143
  -0.36 -0.011143 -1.057715
  Kd 0.75
  Ks 0.45
  Ka 0.15
  Od 0.82 0.82 0.86
  Os 1.0 1.0 1.0
  Kgls 48.0
  Refl 0.25

Triangle
  0.313714 -0.083143 -1.026857
  0.303429 -0.072857 -1.037143
  0.246857 -0.093429 -1.021714
  Kd 0.75
  Ks 0.45
  Ka 0.15
  Od 0.82 0.82 0.86
  Os 1.0 1.0 1.0
  Kgls 48.0
  Refl 0.25

Triangle
  0.313714 -0.083143 -1.026857
  0.246857 -0.093429 -1.021714
  0.246857 -0.108857 -1.011429
  Kd 0.75
  Ks 0.45
  Ka 0.15
  Od 0.82 0.82 0.86
  Os 1.0 1.0 1.0
  Kgls 48.0
  Refl 0.25

Triangle
  -0.313714 -0.083143 -1.026857
  -0.246857 -0.108857 -1.011429
  -0.246857 -0.093429 -1.021714
  Kd 0.75
  Ks 0.45
  Ka 0.15
  Od 0.82 0.82 0.86
  Os 1.0 1.0 1.0
  Kgls 48.0
  Refl 0.25

Triangle
  -0.313714 -0.083143 -1.026857
  -0.246857 -0.093429 -1.021714
  -0.303429 -0.072857 -1.037143
  Kd 0.75
  Ks 0.45
  Ka 0.15
  Od 0.82 0.82 0.86
  Os 1.0 1.0 1.0
  Kgls 48.0
  Refl 0.25

Triangle
  0.246857 -0.108857 -1.011429
  0.246857 -0.093429 -1.021714
  0.159429 -0.067714 -1.001143
  Kd 0.75
  Ks 0.45
  Ka 0.15
  Od 0.82 0.82 0.86
  Os 1.0 1.0 1.0
  Kgls 48.0
  Refl 0.25

Triangle
  0.246857 -0.108857 -1.011429
  0.159429 -0.067714 -1.001143
  0.149143 -0.078 -0.985715
  Kd 0.75
  Ks 0.45
  Ka 0.15
  Od 0.82 0.82 0.86
  Os 1.0 1.0 1.0
  Kgls 48.0
  Refl 0.25

Triangle
  -0.246857 -0.108857 -1.011429
  -0.149143 -0.078 -0.985715
  -0.159429 -0.067714 -1.001143
  Kd 0.75
  Ks 0.45
  Ka 0.15
  Od 0.82 0.82 0.86
  Os 1.0 1.0 1.0
  Kgls 48.0
  Refl 0.25

Triangle
  -0.246857 -0.108857 -1.011429
  -0.159429 -0.067714 -1.001143
  -0.246857 -0.093429 -1.021714
  Kd 0.75
  Ks 0.45
  Ka 0.15
  Od 0.82 0.82 0.86
  Os 1.0 1.0 1.0
  Kgls 48.0
  Refl 0.25

Triangle
  0.149143 -0.078 -0.985715
  0.159429 -0.067714 -1.001143
  0.133715 -0.036857 -1.006286
  Kd 0.75
  Ks 0.45
  Ka 0.15
  Od 0.82 0.82 0.86
  Os 1.0 1.0 1.0
  Kgls 48.0
  Refl 0.25

Triangle
  0.149143 -0.078 -0.985715
  0.133715 -0.036857 -1.006286
  0.123429 -0.047143 -0.990857
  Kd 0.75
  Ks 0.45
  Ka 0.15
  Od 0.82 0.82 0.86
  Os 1.0 1.0 1.0
  Kgls 48.0
  Refl 0.25

Triangle
  -0.149143 -0.078 -0.985715
  -0.123428 -0.047143 -0.990857
  -0.133714 -0.036857 -1.006286
  Kd 0.75
  Ks 0.45
  Ka 0.15
  Od 0.82 0.82 0.86
  Os 1.0 1.0 1.0
  Kgls 48.0
  Refl 0.25

Triangle
  -0.149143 -0.078 -0.985715
  -0.133714 -0.036857 -1.006286
  -0.159429 -0.067714 -1.001143
  Kd 0.75
  Ks 0.45
  Ka 0.15
  Od 0.82 0.82 0.86
  Os 1.0 1.0 1.0
  Kgls 48.0
  Refl 0.25

Triangle
  0.118286 0.045429 -0.985715
  0.128571 0.045429 -1.001143
  0.154286 0.086571 -1.001143
  Kd 0.75
  Ks 0.45
  Ka 0.15
  Od 0.82 0.82 0.86
  Os 1.0 1.0 1.0
  Kgls 48.0
  Refl 0.25

Triangle
  0.118286 0.045429 -0.985715
  0.154286 0.086571 -1.001143
  0.138857 0.096857 -0.985715
  Kd 0.75
  Ks 0.45
  Ka 0.15
  Od 0.82 0.82 0.86
  Os 1.0 1.0 1.0
  Kgls 48.0
  Refl 0.25

Triangle
  -0.118286 0.045429 -0.985715
  -0.138857 0.096857 -0.985715
  -0.154285 0.086571 -1.001143
  Kd 0.75
  Ks 0.45
  Ka 0.15
  Od 0.82 0.82 0.86
  Os 1.0 1.0 1.0
  Kgls 48.0
  Refl 0.25

Triangle
  -0.118286 0.045429 -0.985715
  -0.154285 0.086571 -1.001143
  -0.128571 0.045429 -1.001143
  Kd 0.75
  Ks 0.45
  Ka 0.15
  Od 0.82 0.82 0.86
  Os 1.0 1.0 1.0
  Kgls 48.0
  Refl 0.25

Triangle
  0.113143 -0.006 -0.985715
  0.128571 -0.000857 -1.006286
  0.128571 0.045429 -1.001143
  Kd 0.75
  Ks 0.45
  Ka 0.15
  Od 0.82 0.82 0.86
  Os 1.0 1.0 1.0
  Kgls 48.0
  Refl 0.25

Triangle
  0.113143 -0.006 -0.985715
  0.128571 0.045429 -1.001143
  0.118286 0.045429 -0.985715
  Kd 0.75
  Ks 0.45
  Ka 0.15
  Od 0.82 0.82 0.86
  Os 1.0 1.0 1.0
  Kgls 48.0
  Refl 0.25

Triangle
  -0.113143 -0.006 -0.985715
  -0.118286 0.045429 -0.985715
  -0.128571 0.045429 -1.001143
  Kd 0.75
  Ks 0.45
  Ka 0.15
  Od 0.82 0.82 0.86
  Os 1.0 1.0 1.0
  Kgls 48.0
  Refl 0.25

Triangle
  -0.113143 -0.006 -0.985715
  -0.128571 0.045429 -1.001143
  -0.128571 -0.000857 -1.006286
  Kd 0.75
  Ks 0.45
  Ka 0.15
  Od 0.82 0.82 0.86
  Os 1.0 1.0 1.0
  Kgls 48.0
  Refl 0.25

Triangle
  0.123429 -0.047143 -0.990857
  0.133715 -0.036857 -1.006286
  0.128571 -0.000857 -1.006286
  Kd 0.75
  Ks 0.45
  Ka 0.15
  Od 0.82 0.82 0.86
  Os 1.0 1.0 1.0
  Kgls 48.0
  Refl 0.25

Triangle
  0.123429 -0.047143 -0.990857
  0.128571 -0.000857 -1.006286
  0.113143 -0.006 -0.985715
  Kd 0.75
  Ks 0.45
  Ka 0.15
  Od 0.82 0.82 0.86
  Os 1.0 1.0 1.0
  Kgls 48.0
  Refl 0.25

Triangle
  -0.123428 -0.047143 -0.990857
  -0.113143 -0.006 -0.985715
  -0.128571 -0.000857 -1.006286
  Kd 0.75
  Ks 0.45
  Ka 0.15
  Od 0.82 0.82 0.86
  Os 1.0 1.0 1.0
  Kgls 48.0
  Refl 0.25

Triangle
  -0.123428 -0.047143 -0.990857
  -0.128571 -0.000857 -1.006286
  -0.133714 -0.036857 -1.006286
  Kd 0.75
  Ks 0.45
  Ka 0.15
  Od 0.82 0.82 0.86
  Os 1.0 1.0 1.0
  Kgls 48.0
  Refl 0.25

Triangle
  0.041143 0.174 -1.006286
  0.072 0.153428 -1.098857
  0 0.117429 -1.104
  Kd 0.75
  Ks 0.45
  Ka 0.15
  Od 0.82 0.82 0.86
  Os 1.0 1.0 1.0
  Kgls 48.0
  Refl 0.25

Triangle
  0.041143 0.174 -1.006286
  0 0.117429 -1.104
  0 0.132857 -1.011429
  Kd 0.75
  Ks 0.45
  Ka 0.15
  Od 0.82 0.82 0.86
  Os 1.0 1.0 1.0
  Kgls 48.0
  Refl 0.25

Triangle
  -0.041143 0.174 -1.006286
  0 0.132857 -1.011429
  0 0.117429 -1.104
  Kd 0.75
  Ks 0.45
  Ka 0.15
  Od 0.82 0.82 0.86
  Os 1.0 1.0 1.0
  Kgls 48.0
  Refl 0.25

Triangle
  -0.041143 0.174 -1.006286
  0 0.117429 -1.104
  -0.072 0.153428 -1.098857
  Kd 0.75
  Ks 0.45
  Ka 0.15
  Od 0.82 0.82 0.86
  Os 1.0 1.0 1.0
  Kgls 48.0
  Refl 0.25

Triangle
  0.102857 0.323143 -1.001143
  0.128571 0.287143 -1.093714
  0.072 0.153428 -1.098857
  Kd 0.75
  Ks 0.45
  Ka 0.15
  Od 0.82 0.82 0.86
  Os 1.0 1.0 1.0
  Kgls 48.0
  Refl 0.25

Triangle
  0.102857 0.323143 -1.001143
  0.072 0.153428 -1.098857
  0.041143 0.174 -1.006286
  Kd 0.75
  Ks 0.45
  Ka 0.15
  Od 0.82 0.82 0.86
  Os 1.0 1.0 1.0
  Kgls 48.0
  Refl 0.25

Triangle
  -0.102857 0.323143 -1.001143
  -0.041143 0.174 -1.006286
  -0.072 0.153428 -1.098857
  Kd 0.75
  Ks 0.45
  Ka 0.15
  Od 0.82 0.82 0.86
  Os 1.0 1.0 1.0
  Kgls 48.0
  Refl 0.25

Triangle
  -0.102857 0.323143 -1.001143
  -0.072 0.153428 -1.098857
  -0.128571 0.287143 -1.093714
  Kd 0.75
  Ks 0.45
  Ka 0.15
  Od 0.82 0.82 0.86
  Os 1.0 1.0 1.0
  Kgls 48.0
  Refl 0.25

Triangle
  0.210857 0.348857 -1.016572
  0.221143 0.302571 -1.109143
  0.128571 0.287143 -1.093714
  Kd 0.75
  Ks 0.45
  Ka 0.15
  Od 0.82 0.82 0.86
  Os 1.0 1.0 1.0
  Kgls 48.0
  Refl 0.25

Triangle
  0.210857 0.348857 -1.016572
  0.128571 0.287143 -1.093714
  0.102857 0.323143 -1.001143
  Kd 0.75
  Ks 0.45
  Ka 0.15
  Od 0.82 0.82 0.86
  Os 1.0 1.0 1.0
  Kgls 48.0
  Refl 0.25

Triangle
  -0.210857 0.348857 -1.016572
  -0.102857 0.323143 -1.001143
  -0.128571 0.287143 -1.093714
  Kd 0.75
  Ks 0.45
  Ka 0.15
  Od 0.82 0.82 0.86
  Os 1.0 1.0 1.0
  Kgls 48.0
  Refl 0.25

Triangle
  -0.210857 0.348857 -1.016572
  -0.128571 0.287143 -1.093714
  -0.221143 0.302571 -1.109143
  Kd 0.75
  Ks 0.45
  Ka 0.15
  Od 0.82 0.82 0.86
  Os 1.0 1.0 1.0
  Kgls 48.0
  Refl 0.25

Triangle
  0.324 0.246 -1.047429
  0.318857 0.215143 -1.134857
  0.221143 0.302571 -1.109143
  Kd 0.75
  Ks 0.45
  Ka 0.15
  Od 0.82 0.82 0.86
  Os 1.0 1.0 1.0
  Kgls 48.0
  Refl 0.25

Triangle
  0.324 0.246 -1.047429
  0.221143 0.302571 -1.109143
  0.210857 0.348857 -1.016572
  Kd 0.75
  Ks 0.45
  Ka 0.15
  Od 0.82 0.82 0.86
  Os 1.0 1.0 1.0
  Kgls 48.0
  Refl 0.25

Triangle
  -0.324 0.246 -1.047429
  -0.210857 0.348857 -1.016572
  -0.221143 0.302571 -1.109143
  Kd 0.75
  Ks 0.45
  Ka 0.15
  Od 0.82 0.82 0.86
  Os 1.0 1.0 1.0
  Kgls 48.0
  Refl 0.25

Triangle
  -0.324 0.246 -1.047429
  -0.221143 0.302571 -1.109143
  -0.318857 0.215143 -1.134857
  Kd 0.75
  Ks 0.45
  Ka 0.15
  Od 0.82 0.82 0.86
  Os 1.0 1.0 1.0
  Kgls 48.0
  Refl 0.25

Triangle
  0.468 0.168857 -1.088572
  0.447429 0.148286 -1.176
  0.318857 0.215143 -1.134857
  Kd 0.75
  Ks 0.45
  Ka 0.15
  Od 0.82 0.82 0.86
  Os 1.0 1.0 1.0
  Kgls 48.0
  Refl 0.25

Triangle
  0.468 0.168857 -1.088572
  0.318857 0.215143 -1.134857
  0.324 0.246 -1.047429
  Kd 0.75
  Ks 0.45
  Ka 0.15
  Od 0.82 0.82 0.86
  Os 1.0 1.0 1.0
  Kgls 48.0
  Refl 0.25

Triangle
  -0.468 0.168857 -1.088572
  -0.324 0.246 -1.047429
  -0.318857 0.215143 -1.134857
  Kd 0.75
  Ks 0.45
  Ka 0.15
  Od 0.82 0.82 0.86
  Os 1.0 1.0 1.0
  Kgls 48.0
  Refl 0.25

Triangle
  -0.468 0.168857 -1.088572
  -0.318857 0.215143 -1.134857
  -0.447429 0.148286 -1.176
  Kd 0.75
  Ks 0.45
  Ka 0.15
  Od 0.82 0.82 0.86
  Os 1.0 1.0 1.0
  Kgls 48.0
  Refl 0.25

Triangle
  0.565715 0.132857 -1.109143
  0.524572 0.117429 -1.196571
  0.447429 0.148286 -1.176
  Kd 0.75
  Ks 0.45
  Ka 0.15
  Od 0.82 0.82 0.86
  Os 1.0 1.0 1.0
  Kgls 48.0
  Refl 0.25

Triangle
  0.565715 0.132857 -1.109143
  0.447429 0.148286 -1.176
  0.468 0.168857 -1.088572
  Kd 0.75
  Ks 0.45
  Ka 0.15
  Od 0.82 0.82 0.86
  Os 1.0 1.0 1.0
  Kgls 48.0
  Refl 0.25

Triangle
  -0.565714 0.132857 -1.109143
  -0.468 0.168857 -1.088572
  -0.447429 0.148286 -1.176
  Kd 0.75
  Ks 0.45
  Ka 0.15
  Od 0.82 0.82 0.86
  Os 1.0 1.0 1.0
  Kgls 48.0
  Refl 0.25

Triangle
  -0.565714 0.132857 -1.109143
  -0.447429 0.148286 -1.176
  -0.524571 0.117429 -1.196571
  Kd 0.75
  Ks 0.45
  Ka 0.15
  Od 0.82 0.82 0.86
  Os 1.0 1.0 1.0
  Kgls 48.0
  Refl 0.25

Triangle
  0.545143 -0.052286 -1.206857
  0.509143 -0.042 -1.253143
  0.524572 0.117429 -1.196571
  Kd 0.75
  Ks 0.45
  Ka 0.15
  Od 0.82 0.82 0.86
  Os 1.0 1.0 1.0
  Kgls 48.0
  Refl 0.25

Triangle
  0.545143 -0.052286 -1.206857
  0.524572 0.117429 -1.196571
  0.565715 0.132857 -1.109143
  Kd 0.75
  Ks 0.45
  Ka 0.15
  Od 0.82 0.82 0.86
  Os 1.0 1.0 1.0
  Kgls 48.0
  Refl 0.25

Triangle
  -0.545143 -0.052286 -1.206857
  -0.565714 0.132857 -1.109143
  -0.524571 0.117429 -1.196571
  Kd 0.75
  Ks 0.45
  Ka 0.15
  Od 0.82 0.82 0.86
  Os 1.0 1.0 1.0
  Kgls 48.0
  Refl 0.25

Triangle
  -0.545143 -0.052286 -1.206857
  -0.524571 0.117429 -1.196571
  -0.509143 -0.042 -1.253143
  Kd 0.75
  Ks 0.45
  Ka 0.15
  Od 0.82 0.82 0.86
  Os 1.0 1.0 1.0
  Kgls 48.0
  Refl 0.25

Triangle
  0.416571 -0.175715 -1.145143
  0.396 -0.15 -1.227429
  0.509143 -0.042 -1.253143
  Kd 0.75
  Ks 0.45
  Ka 0.15
  Od 0.82 0.82 0.86
  Os 1.0 1.0 1.0
  Kgls 48.0
  Refl 0.25

Triangle
  0.416571 -0.175715 -1.145143
  0.509143 -0.042 -1.253143
  0.545143 -0.052286 -1.206857
  Kd 0.75
  Ks 0.45
  Ka 0.15
  Od 0.82 0.82 0.86
  Os 1.0 1.0 1.0
  Kgls 48.0
  Refl 0.25

Triangle
  -0.416571 -0.175715 -1.145143
  -0.545143 -0.052286 -1.206857
  -0.509143 -0.042 -1.253143
  Kd 0.75
  Ks 0.45
  Ka 0.15
  Od 0.82 0.82 0.86
  Os 1.0 1.0 1.0
  Kgls 48.0
  Refl 0.25

Triangle
  -0.416571 -0.175715 -1.145143
  -0.509143 -0.042 -1.253143
  -0.396 -0.15 -1.227429
  Kd 0.75
  Ks 0.45
  Ka 0.15
  Od 0.82 0.82 0.86
  Os 1.0 1.0 1.0
  Kgls 48.0
  Refl 0.25

Triangle
  0.288 -0.242571 -1.150286
  0.288 -0.211714 -1.191429
  0.396 -0.15 -1.227429
  Kd 0.75
  Ks 0.45
  Ka 0.15
  Od 0.82 0.82 0.86
  Os 1.0 1.0 1.0
  Kgls 48.0
  Refl 0.25

Triangle
  0.288 -0.242571 -1.150286
  0.396 -0.15 -1.227429
  0.416571 -0.175715 -1.145143
  Kd 0.75
  Ks 0.45
  Ka 0.15
  Od 0.82 0.82 0.86
  Os 1.0 1.0 1.0
  Kgls 48.0
  Refl 0.25

Triangle
  -0.288 -0.242571 -1.150286
  -0.416571 -0.175715 -1.145143
  -0.396 -0.15 -1.227429
  Kd 0.75
  Ks 0.45
  Ka 0.15
  Od 0.82 0.82 0.86
  Os 1.0 1.0 1.0
  Kgls 48.0
  Refl 0.25

Triangle
  -0.288 -0.242571 -1.150286
  -0.396 -0.15 -1.227429
  -0.288 -0.211714 -1.191429
  Kd 0.75
  Ks 0.45
  Ka 0.15
  Od 0.82 0.82 0.86
  Os 1.0 1.0 1.0
  Kgls 48.0
  Refl 0.25

Triangle
  0 -0.468857 -1.314857
  0.118286 -0.422572 -1.330286
  0.082286 -0.504857 -1.263429
  Kd 0.75
  Ks 0.45
  Ka 0.15
  Od 0.82 0.82 0.86
  Os 1.0 1.0 1.0
  Kgls 48.0
  Refl 0.25

Triangle
  0 -0.468857 -1.314857
  0.082286 -0.504857 -1.263429
  0 -0.525429 -1.289143
  Kd 0.75
  Ks 0.45
  Ka 0.15
  Od 0.82 0.82 0.86
  Os 1.0 1.0 1.0
  Kgls 48.0
  Refl 0.25

Triangle
  0 -0.468857 -1.314857
  0 -0.525429 -1.289143
  -0.082285 -0.504857 -1.263429
  Kd 0.75
  Ks 0.45
  Ka 0.15
  Od 0.82 0.82 0.86
  Os 1.0 1.0 1.0
  Kgls 48.0
  Refl 0.25

Triangle
  0 -0.468857 -1.314857
  -0.082285 -0.504857 -1.263429
  -0.118286 -0.422572 -1.330286
  Kd 0.75
  Ks 0.45
  Ka 0.15
  Od 0.82 0.82 0.86
  Os 1.0 1.0 1.0
  Kgls 48.0
  Refl 0.25

Triangle
  0 -0.525429 -1.289143
  0.082286 -0.504857 -1.263429
  0.092572 -0.648857 -1.258286
  Kd 0.75
  Ks 0.45
  Ka 0.15
  Od 0.82 0.82 0.86
  Os 1.0 1.0 1.0
  Kgls 48.0
  Refl 0.25

Triangle
  0 -0.525429 -1.289143
  0.092572 -0.648857 -1.258286
  0 -0.679715 -1.273715
  Kd 0.75
  Ks 0.45
  Ka 0.15
  Od 0.82 0.82 0.86
  Os 1.0 1.0 1.0
  Kgls 48.0
  Refl 0.25

Triangle
  0 -0.525429 -1.289143
  0 -0.679715 -1.273715
  -0.092571 -0.648857 -1.258286
  Kd 0.75
  Ks 0.45
  Ka 0.15
  Od 0.82 0.82 0.86
  Os 1.0 1.0 1.0
  Kgls 48.0
  Refl 0.25

Triangle
  0 -0.525429 -1.289143
  -0.092571 -0.648857 -1.258286
  -0.082285 -0.504857 -1.263429
  Kd 0.75
  Ks 0.45
  Ka 0.15
  Od 0.82 0.82 0.86
  Os 1.0 1.0 1.0
  Kgls 48.0
  Refl 0.25

Triangle
  0 -0.679715 -1.273715
  0.092572 -0.648857 -1.258286
  0.108 -0.772286 -1.212
  Kd 0.75
  Ks 0.45
  Ka 0.15
  Od 0.82 0.82 0.86
  Os 1.0 1.0 1.0
  Kgls 48.0
  Refl 0.25

Triangle
  0 -0.679715 -1.273715
  0.108 -0.772286 -1.212
  0 -0.792857 -1.196571
  Kd 0.75
  Ks 0.45
  Ka 0.15
  Od 0.82 0.82 0.86
  Os 1.0 1.0 1.0
  Kgls 48.0
  Refl 0.25

Triangle
  0 -0.679715 -1.273715
  0 -0.792857 -1.196571
  -0.108 -0.772286 -1.212
  Kd 0.75
  Ks 0.45
  Ka 0.15
  Od 0.82 0.82 0.86
  Os 1.0 1.0 1.0
  Kgls 48.0
  Refl 0.25

Triangle
  0 -0.679715 -1.273715
  -0.108 -0.772286 -1.212
  -0.092571 -0.648857 -1.258286
  Kd 0.75
  Ks 0.45
  Ka 0.15
  Od 0.82 0.82 0.86
  Os 1.0 1.0 1.0
  Kgls 48.0
  Refl 0.25

Triangle
  0 -0.798 -1.119429
  0 -0.792857 -1.196571
  0.108 -0.772286 -1.212
  Kd 0.75
  Ks 0.45
  Ka 0.15
  Od 0.82 0.82 0.86
  Os 1.0 1.0 1.0
  Kgls 48.0
  Refl 0.25

Triangle
  0 -0.798 -1.119429
  0.108 -0.772286 -1.212
  0.118286 -0.787714 -1.134857
  Kd 0.75
  Ks 0.45
  Ka 0.15
  Od 0.82 0.82 0.86
  Os 1.0 1.0 1.0
  Kgls 48.0
  Refl 0.25

Triangle
  0 -0.798 -1.119429
  -0.118286 -0.787714 -1.134857
  -0.108 -0.772286 -1.212
  Kd 0.75
  Ks 0.45
  Ka 0.15
  Od 0.82 0.82 0.86
  Os 1.0 1.0 1.0
  Kgls 48.0
  Refl 0.25

Triangle
  0 -0.798 -1.119429
  -0.108 -0.772286 -1.212
  0 -0.792857 -1.196571
  Kd 0.75
  Ks 0.45
  Ka 0.15
  Od 0.82 0.82 0.86
  Os 1.0 1.0 1.0
  Kgls 48.0
  Refl 0.25

Triangle
  0.118286 -0.787714 -1.134857
  0.108 -0.772286 -1.212
  0.216 -0.751715 -1.237714
  Kd 0.75
  Ks 0.45
  Ka 0.15
  Od 0.82 0.82 0.86
  Os 1.0 1.0 1.0
  Kgls 48.0
  Refl 0.25

Triangle
  0.118286 -0.787714 -1.134857
  0.216 -0.751715 -1.237714
  0.216 -0.772286 -1.155429
  Kd 0.75
  Ks 0.45
  Ka 0.15
  Od 0.82 0.82 0.86
  Os 1.0 1.0 1.0
  Kgls 48.0
  Refl 0.25

Triangle
  -0.118286 -0.787714 -1.134857
  -0.216 -0.772286 -1.155429
  -0.216 -0.751715 -1.237714
  Kd 0.75
  Ks 0.45
  Ka 0.15
  Od 0.82 0.82 0.86
  Os 1.0 1.0 1.0
  Kgls 48.0
  Refl 0.25

Triangle
  -0.118286 -0.787714 -1.134857
  -0.216 -0.751715 -1.237714
  -0.108 -0.772286 -1.212
  Kd 0.75
  Ks 0.45
  Ka 0.15
  Od 0.82 0.82 0.86
  Os 1.0 1.0 1.0
  Kgls 48.0
  Refl 0.25

Triangle
  0.216 -0.772286 -1.155429
  0.216 -0.751715 -1.237714
  0.190286 -0.618 -1.248
  Kd 0.75
  Ks 0.45
  Ka 0.15
  Od 0.82 0.82 0.86
  Os 1.0 1.0 1.0
  Kgls 48.0
  Refl 0.25

Triangle
  0.216 -0.772286 -1.155429
  0.190286 -0.618 -1.248
  0.241714 -0.736286 -1.150286
  Kd 0.75
  Ks 0.45
  Ka 0.15
  Od 0.82 0.82 0.86
  Os 1.0 1.0 1.0
  Kgls 48.0
  Refl 0.25

Triangle
  -0.216 -0.772286 -1.155429
  -0.241714 -0.736286 -1.150286
  -0.190286 -0.618 -1.248
  Kd 0.75
  Ks 0.45
  Ka 0.15
  Od 0.82 0.82 0.86
  Os 1.0 1.0 1.0
  Kgls 48.0
  Refl 0.25

Triangle
  -0.216 -0.772286 -1.155429
  -0.190286 -0.618 -1.248
  -0.216 -0.751715 -1.237714
  Kd 0.75
  Ks 0.45
  Ka 0.15
  Od 0.82 0.82 0.86
  Os 1.0 1.0 1.0
  Kgls 48.0
  Refl 0.25

Triangle
  0.241714 -0.736286 -1.150286
  0.190286 -0.618 -1.248
  0.164572 -0.479143 -1.242857
  Kd 0.75
  Ks 0.45
  Ka 0.15
  Od 0.82 0.82 0.86
  Os 1.0 1.0 1.0
  Kgls 48.0
  Refl 0.25

Triangle
  0.241714 -0.736286 -1.150286
  0.164572 -0.479143 -1.242857
  0.231429 -0.607715 -1.124571
  Kd 0.75
  Ks 0.45
  Ka 0.15
  Od 0.82 0.82 0.86
  Os 1.0 1.0 1.0
  Kgls 48.0
  Refl 0.25

Triangle
  -0.241714 -0.736286 -1.150286
  -0.231429 -0.607715 -1.124571
  -0.164571 -0.479143 -1.242857
  Kd 0.75
  Ks 0.45
  Ka 0.15
  Od 0.82 0.82 0.86
  Os 1.0 1.0 1.0
  Kgls 48.0
  Refl 0.25

Triangle
  -0.241714 -0.736286 -1.150286
  -0.164571 -0.479143 -1.242857
  -0.190286 -0.618 -1.248
  Kd 0.75
  Ks 0.45
  Ka 0.15
  Od 0.82 0.82 0.86
  Os 1.0 1.0 1.0
  Kgls 48.0
  Refl 0.25

Triangle
  0.092572 -0.648857 -1.258286
  0.082286 -0.504857 -1.263429
  0.164572 -0.479143 -1.242857
  Kd 0.75
  Ks 0.45
  Ka 0.15
  Od 0.82 0.82 0.86
  Os 1.0 1.0 1.0
  Kgls 48.0
  Refl 0.25

Triangle
  0.092572 -0.648857 -1.258286
  0.164572 -0.479143 -1.242857
  0.190286 -0.618 -1.248
  Kd 0.75
  Ks 0.45
  Ka 0.15
  Od 0.82 0.82 0.86
  Os 1.0 1.0 1.0
  Kgls 48.0
  Refl 0.25

Triangle
  -0.092571 -0.648857 -1.258286
  -0.190286 -0.618 -1.248
  -0.164571 -0.479143 -1.242857
  Kd 0.75
  Ks 0.45
  Ka 0.15
  Od 0.82 0.82 0.86
  Os 1.0 1.0 1.0
  Kgls 48.0
  Refl 0.25

Triangle
  -0.092571 -0.648857 -1.258286
  -0.164571 -0.479143 -1.242857
  -0.082285 -0.504857 -1.263429
  Kd 0.75
  Ks 0.45
  Ka 0.15
  Od 0.82 0.82 0.86
  Os 1.0 1.0 1.0
  Kgls 48.0
  Refl 0.25

Triangle
  0.216 -0.751715 -1.237714
  0.108 -0.772286 -1.212
  0.092572 -0.648857 -1.258286
  Kd 0.75
  Ks 0.45
  Ka 0.15
  Od 0.82 0.82 0.86
  Os 1.0 1.0 1.0
  Kgls 48.0
  Refl 0.25

Triangle
  0.216 -0.751715 -1.237714
  0.092572 -0.648857 -1.258286
  0.190286 -0.618 -1.248
  Kd 0.75
  Ks 0.45
  Ka 0.15
  Od 0.82 0.82 0.86
  Os 1.0 1.0 1.0
  Kgls 48.0
  Refl 0.25

Triangle
  -0.216 -0.751715 -1.237714
  -0.190286 -0.618 -1.248
  -0.092571 -0.648857 -1.258286
  Kd 0.75
  Ks 0.45
  Ka 0.15
  Od 0.82 0.82 0.86
  Os 1.0 1.0 1.0
  Kgls 48.0
  Refl 0.25

Triangle
  -0.216 -0.751715 -1.237714
  -0.092571 -0.648857 -1.258286
  -0.108 -0.772286 -1.212
  Kd 0.75
  Ks 0.45
  Ka 0.15
  Od 0.82 0.82 0.86
  Os 1.0 1.0 1.0
  Kgls 48.0
  Refl 0.25

Triangle
  0.164572 -0.479143 -1.242857
  0.082286 -0.504857 -1.263429
  0.118286 -0.422572 -1.330286
  Kd 0.75
  Ks 0.45
  Ka 0.15
  Od 0.82 0.82 0.86
  Os 1.0 1.0 1.0
  Kgls 48.0
  Refl 0.25

Triangle
  0.164572 -0.479143 -1.242857
  0.118286 -0.422572 -1.330286
  0.154286 -0.381429 -1.232572
  Kd 0.75
  Ks 0.45
  Ka 0.15
  Od 0.82 0.82 0.86
  Os 1.0 1.0 1.0
  Kgls 48.0
  Refl 0.25

Triangle
  -0.164571 -0.479143 -1.242857
  -0.154285 -0.381429 -1.232572
  -0.118286 -0.422572 -1.330286
  Kd 0.75
  Ks 0.45
  Ka 0.15
  Od 0.82 0.82 0.86
  Os 1.0 1.0 1.0
  Kgls 48.0
  Refl 0.25

Triangle
  -0.164571 -0.479143 -1.242857
  -0.118286 -0.422572 -1.330286
  -0.082285 -0.504857 -1.263429
  Kd 0.75
  Ks 0.45
  Ka 0.15
  Od 0.82 0.82 0.86
  Os 1.0 1.0 1.0
  Kgls 48.0
  Refl 0.25

Triangle
  0.231429 -0.607715 -1.124571
  0.164572 -0.479143 -1.242857
  0.154286 -0.381429 -1.232572
  Kd 0.75
  Ks 0.45
  Ka 0.15
  Od 0.82 0.82 0.86
  Os 1.0 1.0 1.0
  Kgls 48.0
  Refl 0.25

Triangle
  0.231429 -0.607715 -1.124571
  0.154286 -0.381429 -1.232572
  0.205715 -0.438 -1.124571
  Kd 0.75
  Ks 0.45
  Ka 0.15
  Od 0.82 0.82 0.86
  Os 1.0 1.0 1.0
  Kgls 48.0
  Refl 0.25

Triangle
  -0.231429 -0.607715 -1.124571
  -0.205714 -0.438 -1.124571
  -0.154285 -0.381429 -1.232572
  Kd 0.75
  Ks 0.45
  Ka 0.15
  Od 0.82 0.82 0.86
  Os 1.0 1.0 1.0
  Kgls 48.0
  Refl 0.25

Triangle
  -0.231429 -0.607715 -1.124571
  -0.154285 -0.381429 -1.232572
  -0.164571 -0.479143 -1.242857
  Kd 0.75
  Ks 0.45
  Ka 0.15
  Od 0.82 0.82 0.86
  Os 1.0 1.0 1.0
  Kgls 48.0
  Refl 0.25

Triangle
  0.144 -0.335143 -1.217143
  0.138857 -0.299143 -1.191429
  0.154286 -0.314571 -1.134857
  Kd 0.75
  Ks 0.45
  Ka 0.15
  Od 0.82 0.82 0.86
  Os 1.0 1.0 1.0
  Kgls 48.0
  Refl 0.25

Triangle
  0.144 -0.335143 -1.217143
  0.154286 -0.314571 -1.134857
  0.169714 -0.355714 -1.134857
  Kd 0.75
  Ks 0.45
  Ka 0.15
  Od 0.82 0.82 0.86
  Os 1.0 1.0 1.0
  Kgls 48.0
  Refl 0.25

Triangle
  -0.144 -0.335143 -1.217143
  -0.169714 -0.355714 -1.134857
  -0.154285 -0.314571 -1.134857
  Kd 0.75
  Ks 0.45
  Ka 0.15
  Od 0.82 0.82 0.86
  Os 1.0 1.0 1.0
  Kgls 48.0
  Refl 0.25

Triangle
  -0.144 -0.335143 -1.217143
  -0.154285 -0.314571 -1.134857
  -0.138857 -0.299143 -1.191429
  Kd 0.75
  Ks 0.45
  Ka 0.15
  Od 0.82 0.82 0.86
  Os 1.0 1.0 1.0
  Kgls 48.0
  Refl 0.25

Triangle
  0.154286 -0.381429 -1.232572
  0.144 -0.335143 -1.217143
  0.169714 -0.355714 -1.134857
  Kd 0.75
  Ks 0.45
  Ka 0.15
  Od 0.82 0.82 0.86
  Os 1.0 1.0 1.0
  Kgls 48.0
  Refl 0.25

Triangle
  0.154286 -0.381429 -1.232572
  0.169714 -0.355714 -1.134857
  0.205715 -0.438 -1.124571
  Kd 0.75
  Ks 0.45
  Ka 0.15
  Od 0.82 0.82 0.86
  Os 1.0 1.0 1.0
  Kgls 48.0
  Refl 0.25

Triangle
  -0.154285 -0.381429 -1.232572
  -0.205714 -0.438 -1.124571
  -0.169714 -0.355714 -1.134857
  Kd 0.75
  Ks 0.45
  Ka 0.15
  Od 0.82 0.82 0.86
  Os 1.0 1.0 1.0
  Kgls 48.0
  Refl 0.25

Triangle
  -0.154285 -0.381429 -1.232572
  -0.169714 -0.355714 -1.134857
  -0.144 -0.335143 -1.217143
  Kd 0.75
  Ks 0.45
  Ka 0.15
  Od 0.82 0.82 0.86
  Os 1.0 1.0 1.0
  Kgls 48.0
  Refl 0.25

Triangle
  0.154286 -0.314571 -1.134857
  0.138857 -0.299143 -1.191429
  0.133715 -0.263143 -1.170857
  Kd 0.75
  Ks 0.45
  Ka 0.15
  Od 0.82 0.82 0.86
  Os 1.0 1.0 1.0
  Kgls 48.0
  Refl 0.25

Triangle
  0.154286 -0.314571 -1.134857
  0.133715 -0.263143 -1.170857
  0.133715 -0.273429 -1.129715
  Kd 0.75
  Ks 0.45
  Ka 0.15
  Od 0.82 0.82 0.86
  Os 1.0 1.0 1.0
  Kgls 48.0
  Refl 0.25

Triangle
  -0.154285 -0.314571 -1.134857
  -0.133714 -0.273429 -1.129715
  -0.133714 -0.263143 -1.170857
  Kd 0.75
  Ks 0.45
  Ka 0.15
  Od 0.82 0.82 0.86
  Os 1.0 1.0 1.0
  Kgls 48.0
  Refl 0.25

Triangle
  -0.154285 -0.314571 -1.134857
  -0.133714 -0.263143 -1.170857
  -0.138857 -0.299143 -1.191429
  Kd 0.75
  Ks 0.45
  Ka 0.15
  Od 0.82 0.82 0.86
  Os 1.0 1.0 1.0
  Kgls 48.0
  Refl 0.25

Triangle
  0.133715 -0.263143 -1.170857
  0.288 -0.211714 -1.191429
  0.288 -0.242571 -1.150286
  Kd 0.75
  Ks 0.45
  Ka 0.15
  Od 0.82 0.82 0.86
  Os 1.0 1.0 1.0
  Kgls 48.0
  Refl 0.25

Triangle
  0.133715 -0.263143 -1.170857
  0.288 -0.242571 -1.150286
  0.133715 -0.273429 -1.129715
  Kd 0.75
  Ks 0.45
  Ka 0.15
  Od 0.82 0.82 0.86
  Os 1.0 1.0 1.0
  Kgls 48.0
  Refl 0.25

Triangle
  -0.133714 -0.263143 -1.170857
  -0.133714 -0.273429 -1.129715
  -0.288 -0.242571 -1.150286
  Kd 0.75
  Ks 0.45
  Ka 0.15
  Od 0.82 0.82 0.86
  Os 1.0 1.0 1.0
  Kgls 48.0
  Refl 0.25

Triangle
  -0.133714 -0.263143 -1.170857
  -0.288 -0.242571 -1.150286
  -0.288 -0.211714 -1.191429
  Kd 0.75
  Ks 0.45
  Ka 0.15
  Od 0.82 0.82 0.86
  Os 1.0 1.0 1.0
  Kgls 48.0
  Refl 0.25

Triangle
  0.221143 -0.114 -1.937143
  0.226286 -0.247715 -1.854857
  0 -0.278572 -1.942286
  Kd 0.75
  Ks 0.45
  Ka 0.15
  Od 0.82 0.82 0.86
  Os 1.0 1.0 1.0
  Kgls 48.0
  Refl 0.25

Triangle
  0.221143 -0.114 -1.937143
  0 -0.278572 -1.942286
  0 -0.103715 -2.045143
  Kd 0.75
  Ks 0.45
  Ka 0.15
  Od 0.82 0.82 0.86
  Os 1.0 1.0 1.0
  Kgls 48.0
  Refl 0.25

Triangle
  -0.221143 -0.114 -1.937143
  0 -0.103715 -2.045143
  0 -0.278572 -1.942286
  Kd 0.75
  Ks 0.45
  Ka 0.15
  Od 0.82 0.82 0.86
  Os 1.0 1.0 1.0
  Kgls 48.0
  Refl 0.25

Triangle
  -0.221143 -0.114 -1.937143
  0 -0.278572 -1.942286
  -0.226285 -0.247715 -1.854857
  Kd 0.75
  Ks 0.45
  Ka 0.15
  Od 0.82 0.82 0.86
  Os 1.0 1.0 1.0
  Kgls 48.0
  Refl 0.25

Triangle
  0.226286 -0.247715 -1.854857
  0.195429 -0.355714 -1.674857
  0 -0.402 -1.731429
  Kd 0.75
  Ks 0.45
  Ka 0.15
  Od 0.82 0.82 0.86
  Os 1.0 1.0 1.0
  Kgls 48.0
  Refl 0.25

Triangle
  0.226286 -0.247715 -1.854857
  0 -0.402 -1.731429
  0 -0.278572 -1.942286
  Kd 0.75
  Ks 0.45
  Ka 0.15
  Od 0.82 0.82 0.86
  Os 1.0 1.0 1.0
  Kgls 48.0
  Refl 0.25

Triangle
  -0.226285 -0.247715 -1.854857
  0 -0.278572 -1.942286
  0 -0.402 -1.731429
  Kd 0.75
  Ks 0.45
  Ka 0.15
  Od 0.82 0.82 0.86
  Os 1.0 1.0 1.0
  Kgls 48.0
  Refl 0.25

Triangle
  -0.226285 -0.247715 -1.854857
  0 -0.402 -1.731429
  -0.195428 -0.355714 -1.674857
  Kd 0.75
  Ks 0.45
  Ka 0.15
  Od 0.82 0.82 0.86
  Os 1.0 1.0 1.0
  Kgls 48.0
  Refl 0.25

Triangle
  0.195429 -0.355714 -1.674857
  0.138857 -0.407143 -1.392
  0 -0.453429 -1.376572
  Kd 0.75
  Ks 0.45
  Ka 0.15
  Od 0.82 0.82 0.86
  Os 1.0 1.0 1.0
  Kgls 48.0
  Refl 0.25

Triangle
  0.195429 -0.355714 -1.674857
  0 -0.453429 -1.376572
  0 -0.402 -1.731429
  Kd 0.75
  Ks 0.45
  Ka 0.15
  Od 0.82 0.82 0.86
  Os 1.0 1.0 1.0
  Kgls 48.0
  Refl 0.25

Triangle
  -0.195428 -0.355714 -1.674857
  0 -0.402 -1.731429
  0 -0.453429 -1.376572
  Kd 0.75
  Ks 0.45
  Ka 0.15
  Od 0.82 0.82 0.86
  Os 1.0 1.0 1.0
  Kgls 48.0
  Refl 0.25

Triangle
  -0.195428 -0.355714 -1.674857
  0 -0.453429 -1.376572
  -0.138857 -0.407143 -1.392
  Kd 0.75
  Ks 0.45
  Ka 0.15
  Od 0.82 0.82 0.86
  Os 1.0 1.0 1.0
  Kgls 48.0
  Refl 0.25

Triangle
  0.138857 -0.407143 -1.392
  0.118286 -0.422572 -1.330286
  0 -0.468857 -1.314857
  Kd 0.75
  Ks 0.45
  Ka 0.15
  Od 0.82 0.82 0.86
  Os 1.0 1.0 1.0
  Kgls 48.0
  Refl 0.25

Triangle
  0.138857 -0.407143 -1.392
  0 -0.468857 -1.314857
  0 -0.453429 -1.376572
  Kd 0.75
  Ks 0.45
  Ka 0.15
  Od 0.82 0.82 0.86
  Os 1.0 1.0 1.0
  Kgls 48.0
  Refl 0.25

Triangle
  -0.138857 -0.407143 -1.392
  0 -0.453429 -1.376572
  0 -0.468857 -1.314857
  Kd 0.75
  Ks 0.45
  Ka 0.15
  Od 0.82 0.82 0.86
  Os 1.0 1.0 1.0
  Kgls 48.0
  Refl 0.25

Triangle
  -0.138857 -0.407143 -1.392
  0 -0.468857 -1.314857
  -0.118286 -0.422572 -1.330286
  Kd 0.75
  Ks 0.45
  Ka 0.15
  Od 0.82 0.82 0.86
  Os 1.0 1.0 1.0
  Kgls 48.0
  Refl 0.25

Triangle
  0.118286 -0.422572 -1.330286
  0.138857 -0.407143 -1.392
  0.144 -0.335143 -1.217143
  Kd 0.75
  Ks 0.45
  Ka 0.15
  Od 0.82 0.82 0.86
  Os 1.0 1.0 1.0
  Kgls 48.0
  Refl 0.25

Triangle
  0.118286 -0.422572 -1.330286
  0.144 -0.335143 -1.217143
  0.154286 -0.381429 -1.232572
  Kd 0.75
  Ks 0.45
  Ka 0.15
  Od 0.82 0.82 0.86
  Os 1.0 1.0 1.0
  Kgls 48.0
  Refl 0.25

Triangle
  -0.118286 -0.422572 -1.330286
  -0.154285 -0.381429 -1.232572
  -0.144 -0.335143 -1.217143
  Kd 0.75
  Ks 0.45
  Ka 0.15
  Od 0.82 0.82 0.86
  Os 1.0 1.0 1.0
  Kgls 48.0
  Refl 0.25

Triangle
  -0.118286 -0.422572 -1.330286
  -0.144 -0.335143 -1.217143
  -0.138857 -0.407143 -1.392
  Kd 0.75
  Ks 0.45
  Ka 0.15
  Od 0.82 0.82 0.86
  Os 1.0 1.0 1.0
  Kgls 48.0
  Refl 0.25

Triangle
  0.396 -0.15 -1.227429
  0.483429 -0.180857 -1.453714
  0.560571 0.004286 -1.464
  Kd 0.75
  Ks 0.45
  Ka 0.15
  Od 0.82 0.82 0.86
  Os 1.0 1.0 1.0
  Kgls 48.0
  Refl 0.25

Triangle
  0.396 -0.15 -1.227429
  0.560571 0.004286 -1.464
  0.509143 -0.042 -1.253143
  Kd 0.75
  Ks 0.45
  Ka 0.15
  Od 0.82 0.82 0.86
  Os 1.0 1.0 1.0
  Kgls 48.0
  Refl 0.25

Triangle
  -0.396 -0.15 -1.227429
  -0.509143 -0.042 -1.253143
  -0.560571 0.004286 -1.464
  Kd 0.75
  Ks 0.45
  Ka 0.15
  Od 0.82 0.82 0.86
  Os 1.0 1.0 1.0
  Kgls 48.0
  Refl 0.25

Triangle
  -0.396 -0.15 -1.227429
  -0.560571 0.004286 -1.464
  -0.483428 -0.180857 -1.453714
  Kd 0.75
  Ks 0.45
  Ka 0.15
  Od 0.82 0.82 0.86
  Os 1.0 1.0 1.0
  Kgls 48.0
  Refl 0.25

Triangle
  0.303429 0.138 -1.962857
  0.221143 -0.114 -1.937143
  0 -0.103715 -2.045143
  Kd 0.75
  Ks 0.45
  Ka 0.15
  Od 0.82 0.82 0.86
  Os 1.0 1.0 1.0
  Kgls 48.0
  Refl 0.25

Triangle
  0.303429 0.138 -1.962857
  0 -0.103715 -2.045143
  0 0.220286 -2.060571
  Kd 0.75
  Ks 0.45
  Ka 0.15
  Od 0.82 0.82 0.86
  Os 1.0 1.0 1.0
  Kgls 48.0
  Refl 0.25

Triangle
  -0.303429 0.138 -1.962857
  0 0.220286 -2.060571
  0 -0.103715 -2.045143
  Kd 0.75
  Ks 0.45
  Ka 0.15
  Od 0.82 0.82 0.86
  Os 1.0 1.0 1.0
  Kgls 48.0
  Refl 0.25

Triangle
  -0.303429 0.138 -1.962857
  0 -0.103715 -2.045143
  -0.221143 -0.114 -1.937143
  Kd 0.75
  Ks 0.45
  Ka 0.15
  Od 0.82 0.82 0.86
  Os 1.0 1.0 1.0
  Kgls 48.0
  Refl 0.25

Triangle
  0.298286 0.410571 -1.345715
  0.298286 0.462 -1.546286
  0 0.498 -1.551429
  Kd 0.75
  Ks 0.45
  Ka 0.15
  Od 0.82 0.82 0.86
  Os 1.0 1.0 1.0
  Kgls 48.0
  Refl 0.25

Triangle
  0.298286 0.410571 -1.345715
  0 0.498 -1.551429
  0 0.441428 -1.309714
  Kd 0.75
  Ks 0.45
  Ka 0.15
  Od 0.82 0.82 0.86
  Os 1.0 1.0 1.0
  Kgls 48.0
  Refl 0.25

Triangle
  -0.298285 0.410571 -1.345715
  0 0.441428 -1.309714
  0 0.498 -1.551429
  Kd 0.75
  Ks 0.45
  Ka 0.15
  Od 0.82 0.82 0.86
  Os 1.0 1.0 1.0
  Kgls 48.0
  Refl 0.25

Triangle
  -0.298285 0.410571 -1.345715
  0 0.498 -1.551429
  -0.298285 0.462 -1.546286
  Kd 0.75
  Ks 0.45
  Ka 0.15
  Od 0.82 0.82 0.86
  Os 1.0 1.0 1.0
  Kgls 48.0
  Refl 0.25

Triangle
  0.298286 0.462 -1.546286
  0.298286 0.420857 -1.752
  0 0.441428 -1.86
  Kd 0.75
  Ks 0.45
  Ka 0.15
  Od 0.82 0.82 0.86
  Os 1.0 1.0 1.0
  Kgls 48.0
  Refl 0.25

Triangle
  0.298286 0.462 -1.546286
  0 0.441428 -1.86
  0 0.498 -1.551429
  Kd 0.75
  Ks 0.45
  Ka 0.15
  Od 0.82 0.82 0.86
  Os 1.0 1.0 1.0
  Kgls 48.0
  Refl 0.25

Triangle
  -0.298285 0.462 -1.546286
  0 0.498 -1.551429
  0 0.441428 -1.86
  Kd 0.75
  Ks 0.45
  Ka 0.15
  Od 0.82 0.82 0.86
  Os 1.0 1.0 1.0
  Kgls 48.0
  Refl 0.25

Triangle
  -0.298285 0.462 -1.546286
  0 0.441428 -1.86
  -0.298285 0.420857 -1.752
  Kd 0.75
  Ks 0.45
  Ka 0.15
  Od 0.82 0.82 0.86
  Os 1.0 1.0 1.0
  Kgls 48.0
  Refl 0.25

Triangle
  0.298286 0.420857 -1.752
  0.303429 0.138 -1.962857
  0 0.220286 -2.060571
  Kd 0.75
  Ks 0.45
  Ka 0.15
  Od 0.82 0.82 0.86
  Os 1.0 1.0 1.0
  Kgls 48.0
  Refl 0.25

Triangle
  0.298286 0.420857 -1.752
  0 0.220286 -2.060571
  0 0.441428 -1.86
  Kd 0.75
  Ks 0.45
  Ka 0.15
  Od 0.82 0.82 0.86
  Os 1.0 1.0 1.0
  Kgls 48.0
  Refl 0.25

Triangle
  -0.298285 0.420857 -1.752
  0 0.441428 -1.86
  0 0.220286 -2.060571
  Kd 0.75
  Ks 0.45
  Ka 0.15
  Od 0.82 0.82 0.86
  Os 1.0 1.0 1.0
  Kgls 48.0
  Refl 0.25

Triangle
  -0.298285 0.420857 -1.752
  0 0.220286 -2.060571
  -0.303429 0.138 -1.962857
  Kd 0.75
  Ks 0.45
  Ka 0.15
  Od 0.82 0.82 0.86
  Os 1.0 1.0 1.0
  Kgls 48.0
  Refl 0.25

Triangle
  0.524572 0.117429 -1.196571
  0.478286 0.117429 -1.278857
  0.416571 0.148286 -1.314857
  Kd 0.75
  Ks 0.45
  Ka 0.15
  Od 0.82 0.82 0.86
  Os 1.0 1.0 1.0
  Kgls 48.0
  Refl 0.25

Triangle
  0.524572 0.117429 -1.196571
  0.416571 0.148286 -1.314857
  0.447429 0.148286 -1.176
  Kd 0.75
  Ks 0.45
  Ka 0.15
  Od 0.82 0.82 0.86
  Os 1.0 1.0 1.0
  Kgls 48.0
  Refl 0.25

Triangle
  -0.524571 0.117429 -1.196571
  -0.447429 0.148286 -1.176
  -0.416571 0.148286 -1.314857
  Kd 0.75
  Ks 0.45
  Ka 0.15
  Od 0.82 0.82 0.86
  Os 1.0 1.0 1.0
  Kgls 48.0
  Refl 0.25

Triangle
  -0.524571 0.117429 -1.196571
  -0.416571 0.148286 -1.314857
  -0.478286 0.117429 -1.278857
  Kd 0.75
  Ks 0.45
  Ka 0.15
  Od 0.82 0.82 0.86
  Os 1.0 1.0 1.0
  Kgls 48.0
  Refl 0.25

Triangle
  0.478286 0.117429 -1.278857
  0.524572 0.220286 -1.417715
  0.421715 0.312857 -1.464
  Kd 0.75
  Ks 0.45
  Ka 0.15
  Od 0.82 0.82 0.86
  Os 1.0 1.0 1.0
  Kgls 48.0
  Refl 0.25

Triangle
  0.478286 0.117429 -1.278857
  0.421715 0.312857 -1.464
  0.416571 0.148286 -1.314857
  Kd 0.75
  Ks 0.45
  Ka 0.15
  Od 0.82 0.82 0.86
  Os 1.0 1.0 1.0
  Kgls 48.0
  Refl 0.25

Triangle
  -0.478286 0.117429 -1.278857
  -0.416571 0.148286 -1.314857
  -0.421714 0.312857 -1.464
  Kd 0.75
  Ks 0.45
  Ka 0.15
  Od 0.82 0.82 0.86
  Os 1.0 1.0 1.0
  Kgls 48.0
  Refl 0.25

Triangle
  -0.478286 0.117429 -1.278857
  -0.421714 0.312857 -1.464
  -0.524571 0.220286 -1.417715
  Kd 0.75
  Ks 0.45
  Ka 0.15
  Od 0.82 0.82 0.86
  Os 1.0 1.0 1.0
  Kgls 48.0
  Refl 0.25

Triangle
  0.524572 0.220286 -1.417715
  0.524572 0.256285 -1.577143
  0.421715 0.343714 -1.628571
  Kd 0.75
  Ks 0.45
  Ka 0.15
  Od 0.82 0.82 0.86
  Os 1.0 1.0 1.0
  Kgls 48.0
  Refl 0.25

Triangle
  0.524572 0.220286 -1.417715
  0.421715 0.343714 -1.628571
  0.421715 0.312857 -1.464
  Kd 0.75
  Ks 0.45
  Ka 0.15
  Od 0.82 0.82 0.86
  Os 1.0 1.0 1.0
  Kgls 48.0
  Refl 0.25

Triangle
  -0.524571 0.220286 -1.417715
  -0.421714 0.312857 -1.464
  -0.421714 0.343714 -1.628571
  Kd 0.75
  Ks 0.45
  Ka 0.15
  Od 0.82 0.82 0.86
  Os 1.0 1.0 1.0
  Kgls 48.0
  Refl 0.25

Triangle
  -0.524571 0.220286 -1.417715
  -0.421714 0.343714 -1.628571
  -0.524571 0.256285 -1.577143
  Kd 0.75
  Ks 0.45
  Ka 0.15
  Od 0.82 0.82 0.86
  Os 1.0 1.0 1.0
  Kgls 48.0
  Refl 0.25

Triangle
  0.524572 0.256285 -1.577143
  0.524572 0.204857 -1.736572
  0.421715 0.297428 -1.793143
  Kd 0.75
  Ks 0.45
  Ka 0.15
  Od 0.82 0.82 0.86
  Os 1.0 1.0 1.0
  Kgls 48.0
  Refl 0.25

Triangle
  0.524572 0.256285 -1.577143
  0.421715 0.297428 -1.793143
  0.421715 0.343714 -1.628571
  Kd 0.75
  Ks 0.45
  Ka 0.15
  Od 0.82 0.82 0.86
  Os 1.0 1.0 1.0
  Kgls 48.0
  Refl 0.25

Triangle
  -0.524571 0.256285 -1.577143
  -0.421714 0.343714 -1.628571
  -0.421714 0.297428 -1.793143
  Kd 0.75
  Ks 0.45
  Ka 0.15
  Od 0.82 0.82 0.86
  Os 1.0 1.0 1.0
  Kgls 48.0
  Refl 0.25

Triangle
  -0.524571 0.256285 -1.577143
  -0.421714 0.297428 -1.793143
  -0.524571 0.204857 -1.736572
  Kd 0.75
  Ks 0.45
  Ka 0.15
  Od 0.82 0.82 0.86
  Os 1.0 1.0 1.0
  Kgls 48.0
  Refl 0.25

Triangle
  0.406286 0.066 -1.885714
  0.421715 0.297428 -1.793143
  0.524572 0.204857 -1.736572
  Kd 0.75
  Ks 0.45
  Ka 0.15
  Od 0.82 0.82 0.86
  Os 1.0 1.0 1.0
  Kgls 48.0
  Refl 0.25

Triangle
  0.406286 0.066 -1.885714
  0.524572 0.204857 -1.736572
  0.509143 0.024857 -1.788
  Kd 0.75
  Ks 0.45
  Ka 0.15
  Od 0.82 0.82 0.86
  Os 1.0 1.0 1.0
  Kgls 48.0
  Refl 0.25

Triangle
  -0.406286 0.066 -1.885714
  -0.509143 0.024857 -1.788
  -0.524571 0.204857 -1.736572
  Kd 0.75
  Ks 0.45
  Ka 0.15
  Od 0.82 0.82 0.86
  Os 1.0 1.0 1.0
  Kgls 48.0
  Refl 0.25

Triangle
  -0.406286 0.066 -1.885714
  -0.524571 0.204857 -1.736572
  -0.421714 0.297428 -1.793143
  Kd 0.75
  Ks 0.45
  Ka 0.15
  Od 0.82 0.82 0.86
  Os 1.0 1.0 1.0
  Kgls 48.0
  Refl 0.25

Triangle
  0.298286 0.420857 -1.752
  0.421715 0.297428 -1.793143
  0.406286 0.066 -1.885714
  Kd 0.75
  Ks 0.45
  Ka 0.15
  Od 0.82 0.82 0.86
  Os 1.0 1.0 1.0
  Kgls 48.0
  Refl 0.25

Triangle
  0.298286 0.420857 -1.752
  0.406286 0.066 -1.885714
  0.303429 0.138 -1.962857
  Kd 0.75
  Ks 0.45
  Ka 0.15
  Od 0.82 0.82 0.86
  Os 1.0 1.0 1.0
  Kgls 48.0
  Refl 0.25

Triangle
  -0.298285 0.420857 -1.752
  -0.303429 0.138 -1.962857
  -0.406286 0.066 -1.885714
  Kd 0.75
  Ks 0.45
  Ka 0.15
  Od 0.82 0.82 0.86
  Os 1.0 1.0 1.0
  Kgls 48.0
  Refl 0.25

Triangle
  -0.298285 0.420857 -1.752
  -0.406286 0.066 -1.885714
  -0.421714 0.297428 -1.793143
  Kd 0.75
  Ks 0.45
  Ka 0.15
  Od 0.82 0.82 0.86
  Os 1.0 1.0 1.0
  Kgls 48.0
  Refl 0.25

Triangle
  0.298286 0.462 -1.546286
  0.421715 0.343714 -1.628571
  0.421715 0.297428 -1.793143
  Kd 0.75
  Ks 0.45
  Ka 0.15
  Od 0.82 0.82 0.86
  Os 1.0 1.0 1.0
  Kgls 48.0
  Refl 0.25

Triangle
  0.298286 0.462 -1.546286
  0.421715 0.297428 -1.793143
  0.298286 0.420857 -1.752
  Kd 0.75
  Ks 0.45
  Ka 0.15
  Od 0.82 0.82 0.86
  Os 1.0 1.0 1.0
  Kgls 48.0
  Refl 0.25

Triangle
  -0.298285 0.462 -1.546286
  -0.298285 0.420857 -1.752
  -0.421714 0.297428 -1.793143
  Kd 0.75
  Ks 0.45
  Ka 0.15
  Od 0.82 0.82 0.86
  Os 1.0 1.0 1.0
  Kgls 48.0
  Refl 0.25

Triangle
  -0.298285 0.462 -1.546286
  -0.421714 0.297428 -1.793143
  -0.421714 0.343714 -1.628571
  Kd 0.75
  Ks 0.45
  Ka 0.15
  Od 0.82 0.82 0.86
  Os 1.0 1.0 1.0
  Kgls 48.0
  Refl 0.25

Triangle
  0.298286 0.410571 -1.345715
  0.421715 0.312857 -1.464
  0.421715 0.343714 -1.628571
  Kd 0.75
  Ks 0.45
  Ka 0.15
  Od 0.82 0.82 0.86
  Os 1.0 1.0 1.0
  Kgls 48.0
  Refl 0.25

Triangle
  0.298286 0.410571 -1.345715
  0.421715 0.343714 -1.628571
  0.298286 0.462 -1.546286
  Kd 0.75
  Ks 0.45
  Ka 0.15
  Od 0.82 0.82 0.86
  Os 1.0 1.0 1.0
  Kgls 48.0
  Refl 0.25

Triangle
  -0.298285 0.410571 -1.345715
  -0.298285 0.462 -1.546286
  -0.421714 0.343714 -1.628571
  Kd 0.75
  Ks 0.45
  Ka 0.15
  Od 0.82 0.82 0.86
  Os 1.0 1.0 1.0
  Kgls 48.0
  Refl 0.25

Triangle
  -0.298285 0.410571 -1.345715
  -0.421714 0.343714 -1.628571
  -0.421714 0.312857 -1.464
  Kd 0.75
  Ks 0.45
  Ka 0.15
  Od 0.82 0.82 0.86
  Os 1.0 1.0 1.0
  Kgls 48.0
  Refl 0.25

Triangle
  0.303429 0.194571 -1.217143
  0.416571 0.148286 -1.314857
  0.421715 0.312857 -1.464
  Kd 0.75
  Ks 0.45
  Ka 0.15
  Od 0.82 0.82 0.86
  Os 1.0 1.0 1.0
  Kgls 48.0
  Refl 0.25

Triangle
  0.303429 0.194571 -1.217143
  0.421715 0.312857 -1.464
  0.298286 0.410571 -1.345715
  Kd 0.75
  Ks 0.45
  Ka 0.15
  Od 0.82 0.82 0.86
  Os 1.0 1.0 1.0
  Kgls 48.0
  Refl 0.25

Triangle
  -0.303429 0.194571 -1.217143
  -0.298285 0.410571 -1.345715
  -0.421714 0.312857 -1.464
  Kd 0.75
  Ks 0.45
  Ka 0.15
  Od 0.82 0.82 0.86
  Os 1.0 1.0 1.0
  Kgls 48.0
  Refl 0.25

Triangle
  -0.303429 0.194571 -1.217143
  -0.421714 0.312857 -1.464
  -0.416571 0.148286 -1.314857
  Kd 0.75
  Ks 0.45
  Ka 0.15
  Od 0.82 0.82 0.86
  Os 1.0 1.0 1.0
  Kgls 48.0
  Refl 0.25

Triangle
  0.447429 0.148286 -1.176
  0.416571 0.148286 -1.314857
  0.303429 0.194571 -1.217143
  Kd 0.75
  Ks 0.45
  Ka 0.15
  Od 0.82 0.82 0.86
  Os 1.0 1.0 1.0
  Kgls 48.0
  Refl 0.25

Triangle
  0.447429 0.148286 -1.176
  0.303429 0.194571 -1.217143
  0.318857 0.215143 -1.134857
  Kd 0.75
  Ks 0.45
  Ka 0.15
  Od 0.82 0.82 0.86
  Os 1.0 1.0 1.0
  Kgls 48.0
  Refl 0.25

Triangle
  -0.447429 0.148286 -1.176
  -0.318857 0.215143 -1.134857
  -0.303429 0.194571 -1.217143
  Kd 0.75
  Ks 0.45
  Ka 0.15
  Od 0.82 0.82 0.86
  Os 1.0 1.0 1.0
  Kgls 48.0
  Refl 0.25

Triangle
  -0.447429 0.148286 -1.176
  -0.303429 0.194571 -1.217143
  -0.416571 0.148286 -1.314857
  Kd 0.75
  Ks 0.45
  Ka 0.15
  Od 0.82 0.82 0.86
  Os 1.0 1.0 1.0
  Kgls 48.0
  Refl 0.25

Triangle
  0.303429 0.194571 -1.217143
  0.298286 0.410571 -1.345715
  0 0.441428 -1.309714
  Kd 0.75
  Ks 0.45
  Ka 0.15
  Od 0.82 0.82 0.86
  Os 1.0 1.0 1.0
  Kgls 48.0
  Refl 0.25

Triangle
  0.303429 0.194571 -1.217143
  0 0.441428 -1.309714
  0 0.225428 -1.124571
  Kd 0.75
  Ks 0.45
  Ka 0.15
  Od 0.82 0.82 0.86
  Os 1.0 1.0 1.0
  Kgls 48.0
  Refl 0.25

Triangle
  -0.303429 0.194571 -1.217143
  0 0.225428 -1.124571
  0 0.441428 -1.309714
  Kd 0.75
  Ks 0.45
  Ka 0.15
  Od 0.82 0.82 0.86
  Os 1.0 1.0 1.0
  Kgls 48.0
  Refl 0.25

Triangle
  -0.303429 0.194571 -1.217143
  0 0.441428 -1.309714
  -0.298285 0.410571 -1.345715
  Kd 0.75
  Ks 0.45
  Ka 0.15
  Od 0.82 0.82 0.86
  Os 1.0 1.0 1.0
  Kgls 48.0
  Refl 0.25

Triangle
  0.128571 0.287143 -1.093714
  0.221143 0.302571 -1.109143
  0.318857 0.215143 -1.134857
  Kd 0.75
  Ks 0.45
  Ka 0.15
  Od 0.82 0.82 0.86
  Os 1.0 1.0 1.0
  Kgls 48.0
  Refl 0.25

Triangle
  0.128571 0.287143 -1.093714
  0.318857 0.215143 -1.134857
  0.072 0.153428 -1.098857
  Kd 0.75
  Ks 0.45
  Ka 0.15
  Od 0.82 0.82 0.86
  Os 1.0 1.0 1.0
  Kgls 48.0
  Refl 0.25

Triangle
  -0.128571 0.287143 -1.093714
  -0.072 0.153428 -1.098857
  -0.318857 0.215143 -1.134857
  Kd 0.75
  Ks 0.45
  Ka 0.15
  Od 0.82 0.82 0.86
  Os 1.0 1.0 1.0
  Kgls 48.0
  Refl 0.25

Triangle
  -0.128571 0.287143 -1.093714
  -0.318857 0.215143 -1.134857
  -0.221143 0.302571 -1.109143
  Kd 0.75
  Ks 0.45
  Ka 0.15
  Od 0.82 0.82 0.86
  Os 1.0 1.0 1.0
  Kgls 48.0
  Refl 0.25

Triangle
  0.318857 0.215143 -1.134857
  0.303429 0.194571 -1.217143
  0 0.225428 -1.124571
  Kd 0.75
  Ks 0.45
  Ka 0.15
  Od 0.82 0.82 0.86
  Os 1.0 1.0 1.0
  Kgls 48.0
  Refl 0.25

Triangle
  0.318857 0.215143 -1.134857
  0 0.225428 -1.124571
  0.072 0.153428 -1.098857
  Kd 0.75
  Ks 0.45
  Ka 0.15
  Od 0.82 0.82 0.86
  Os 1.0 1.0 1.0
  Kgls 48.0
  Refl 0.25

Triangle
  -0.318857 0.215143 -1.134857
  -0.072 0.153428 -1.098857
  0 0.225428 -1.124571
  Kd 0.75
  Ks 0.45
  Ka 0.15
  Od 0.82 0.82 0.86
  Os 1.0 1.0 1.0
  Kgls 48.0
  Refl 0.25

Triangle
  -0.318857 0.215143 -1.134857
  0 0.225428 -1.124571
  -0.303429 0.194571 -1.217143
  Kd 0.75
  Ks 0.45
  Ka 0.15
  Od 0.82 0.82 0.86
  Os 1.0 1.0 1.0
  Kgls 48.0
  Refl 0.25

Triangle
  0.072 0.153428 -1.098857
  0 0.225428 -1.124571
  0 0.117429 -1.104
  Kd 0.75
  Ks 0.45
  Ka 0.15
  Od 0.82 0.82 0.86
  Os 1.0 1.0 1.0
  Kgls 48.0
  Refl 0.25

Triangle
  -0.072 0.153428 -1.098857
  0 0.117429 -1.104
  0 0.225428 -1.124571
  Kd 0.75
  Ks 0.45
  Ka 0.15
  Od 0.82 0.82 0.86
  Os 1.0 1.0 1.0
  Kgls 48.0
  Refl 0.25

Triangle
  0.509143 -0.042 -1.253143
  0.560571 0.004286 -1.464
  0.478286 0.117429 -1.278857
  Kd 0.75
  Ks 0.45
  Ka 0.15
  Od 0.82 0.82 0.86
  Os 1.0 1.0 1.0
  Kgls 48.0
  Refl 0.25

Triangle
  0.509143 -0.042 -1.253143
  0.478286 0.117429 -1.278857
  0.524572 0.117429 -1.196571
  Kd 0.75
  Ks 0.45
  Ka 0.15
  Od 0.82 0.82 0.86
  Os 1.0 1.0 1.0
  Kgls 48.0
  Refl 0.25

Triangle
  -0.509143 -0.042 -1.253143
  -0.524571 0.117429 -1.196571
  -0.478286 0.117429 -1.278857
  Kd 0.75
  Ks 0.45
  Ka 0.15
  Od 0.82 0.82 0.86
  Os 1.0 1.0 1.0
  Kgls 48.0
  Refl 0.25

Triangle
  -0.509143 -0.042 -1.253143
  -0.478286 0.117429 -1.278857
  -0.560571 0.004286 -1.464
  Kd 0.75
  Ks 0.45
  Ka 0.15
  Od 0.82 0.82 0.86
  Os 1.0 1.0 1.0
  Kgls 48.0
  Refl 0.25

Triangle
  0.565715 0.060857 -1.530857
  0.524572 0.220286 -1.417715
  0.478286 0.117429 -1.278857
  Kd 0.75
  Ks 0.45
  Ka 0.15
  Od 0.82 0.82 0.86
  Os 1.0 1.0 1.0
  Kgls 48.0
  Refl 0.25

Triangle
  0.565715 0.060857 -1.530857
  0.478286 0.117429 -1.278857
  0.560571 0.004286 -1.464
  Kd 0.75
  Ks 0.45
  Ka 0.15
  Od 0.82 0.82 0.86
  Os 1.0 1.0 1.0
  Kgls 48.0
  Refl 0.25

Triangle
  -0.565714 0.060857 -1.530857
  -0.560571 0.004286 -1.464
  -0.478286 0.117429 -1.278857
  Kd 0.75
  Ks 0.45
  Ka 0.15
  Od 0.82 0.82 0.86
  Os 1.0 1.0 1.0
  Kgls 48.0
  Refl 0.25

Triangle
  -0.565714 0.060857 -1.530857
  -0.478286 0.117429 -1.278857
  -0.524571 0.220286 -1.417715
  Kd 0.75
  Ks 0.45
  Ka 0.15
  Od 0.82 0.82 0.86
  Os 1.0 1.0 1.0
  Kgls 48.0
  Refl 0.25

Triangle
  0.54 0.066 -1.633715
  0.524572 0.256285 -1.577143
  0.524572 0.220286 -1.417715
  Kd 0.75
  Ks 0.45
  Ka 0.15
  Od 0.82 0.82 0.86
  Os 1.0 1.0 1.0
  Kgls 48.0
  Refl 0.25

Triangle
  0.54 0.066 -1.633715
  0.524572 0.220286 -1.417715
  0.565715 0.060857 -1.530857
  Kd 0.75
  Ks 0.45
  Ka 0.15
  Od 0.82 0.82 0.86
  Os 1.0 1.0 1.0
  Kgls 48.0
  Refl 0.25

Triangle
  -0.54 0.066 -1.633715
  -0.565714 0.060857 -1.530857
  -0.524571 0.220286 -1.417715
  Kd 0.75
  Ks 0.45
  Ka 0.15
  Od 0.82 0.82 0.86
  Os 1.0 1.0 1.0
  Kgls 48.0
  Refl 0.25

Triangle
  -0.54 0.066 -1.633715
  -0.524571 0.220286 -1.417715
  -0.524571 0.256285 -1.577143
  Kd 0.75
  Ks 0.45
  Ka 0.15
  Od 0.82 0.82 0.86
  Os 1.0 1.0 1.0
  Kgls 48.0
  Refl 0.25

Triangle
  0.524572 0.204857 -1.736572
  0.524572 0.256285 -1.577143
  0.54 0.066 -1.633715
  Kd 0.75
  Ks 0.45
  Ka 0.15
  Od 0.82 0.82 0.86
  Os 1.0 1.0 1.0
  Kgls 48.0
  Refl 0.25

Triangle
  0.524572 0.204857 -1.736572
  0.54 0.066 -1.633715
  0.509143 0.024857 -1.788
  Kd 0.75
  Ks 0.45
  Ka 0.15
  Od 0.82 0.82 0.86
  Os 1.0 1.0 1.0
  Kgls 48.0
  Refl 0.25

Triangle
  -0.524571 0.204857 -1.736572
  -0.509143 0.024857 -1.788
  -0.54 0.066 -1.633715
  Kd 0.75
  Ks 0.45
  Ka 0.15
  Od 0.82 0.82 0.86
  Os 1.0 1.0 1.0
  Kgls 48.0
  Refl 0.25

Triangle
  -0.524571 0.204857 -1.736572
  -0.54 0.066 -1.633715
  -0.524571 0.256285 -1.577143
  Kd 0.75
  Ks 0.45
  Ka 0.15
  Od 0.82 0.82 0.86
  Os 1.0 1.0 1.0
  Kgls 48.0
  Refl 0.25

Triangle
  0.195429 -0.355714 -1.674857
  0.282857 -0.278572 -1.638857
  0.267429 -0.263143 -1.402286
  Kd 0.75
  Ks 0.45
  Ka 0.15
  Od 0.82 0.82 0.86
  Os 1.0 1.0 1.0
  Kgls 48.0
  Refl 0.25

Triangle
  0.195429 -0.355714 -1.674857
  0.267429 -0.263143 -1.402286
  0.138857 -0.407143 -1.392
  Kd 0.75
  Ks 0.45
  Ka 0.15
  Od 0.82 0.82 0.86
  Os 1.0 1.0 1.0
  Kgls 48.0
  Refl 0.25

Triangle
  -0.195428 -0.355714 -1.674857
  -0.138857 -0.407143 -1.392
  -0.267428 -0.263143 -1.402286
  Kd 0.75
  Ks 0.45
  Ka 0.15
  Od 0.82 0.82 0.86
  Os 1.0 1.0 1.0
  Kgls 48.0
  Refl 0.25

Triangle
  -0.195428 -0.355714 -1.674857
  -0.267428 -0.263143 -1.402286
  -0.282857 -0.278572 -1.638857
  Kd 0.75
  Ks 0.45
  Ka 0.15
  Od 0.82 0.82 0.86
  Os 1.0 1.0 1.0
  Kgls 48.0
  Refl 0.25

Triangle
  0.267429 -0.263143 -1.402286
  0.282857 -0.278572 -1.638857
  0.390857 -0.232286 -1.608
  Kd 0.75
  Ks 0.45
  Ka 0.15
  Od 0.82 0.82 0.86
  Os 1.0 1.0 1.0
  Kgls 48.0
  Refl 0.25

Triangle
  0.267429 -0.263143 -1.402286
  0.390857 -0.232286 -1.608
  0.483429 -0.180857 -1.453714
  Kd 0.75
  Ks 0.45
  Ka 0.15
  Od 0.82 0.82 0.86
  Os 1.0 1.0 1.0
  Kgls 48.0
  Refl 0.25

Triangle
  -0.267428 -0.263143 -1.402286
  -0.483428 -0.180857 -1.453714
  -0.390857 -0.232286 -1.608
  Kd 0.75
  Ks 0.45
  Ka 0.15
  Od 0.82 0.82 0.86
  Os 1.0 1.0 1.0
  Kgls 48.0
  Refl 0.25

Triangle
  -0.267428 -0.263143 -1.402286
  -0.390857 -0.232286 -1.608
  -0.282857 -0.278572 -1.638857
  Kd 0.75
  Ks 0.45
  Ka 0.15
  Od 0.82 0.82 0.86
  Os 1.0 1.0 1.0
  Kgls 48.0
  Refl 0.25

Triangle
  0.288 -0.211714 -1.191429
  0.267429 -0.263143 -1.402286
  0.483429 -0.180857 -1.453714
  Kd 0.75
  Ks 0.45
  Ka 0.15
  Od 0.82 0.82 0.86
  Os 1.0 1.0 1.0
  Kgls 48.0
  Refl 0.25

Triangle
  0.288 -0.211714 -1.191429
  0.483429 -0.180857 -1.453714
  0.396 -0.15 -1.227429
  Kd 0.75
  Ks 0.45
  Ka 0.15
  Od 0.82 0.82 0.86
  Os 1.0 1.0 1.0
  Kgls 48.0
  Refl 0.25

Triangle
  -0.288 -0.211714 -1.191429
  -0.396 -0.15 -1.227429
  -0.483428 -0.180857 -1.453714
  Kd 0.75
  Ks 0.45
  Ka 0.15
  Od 0.82 0.82 0.86
  Os 1.0 1.0 1.0
  Kgls 48.0
  Refl 0.25

Triangle
  -0.288 -0.211714 -1.191429
  -0.483428 -0.180857 -1.453714
  -0.267428 -0.263143 -1.402286
  Kd 0.75
  Ks 0.45
  Ka 0.15
  Od 0.82 0.82 0.86
  Os 1.0 1.0 1.0
  Kgls 48.0
  Refl 0.25

Triangle
  0.138857 -0.299143 -1.191429
  0.144 -0.335143 -1.217143
  0.267429 -0.263143 -1.402286
  Kd 0.75
  Ks 0.45
  Ka 0.15
  Od 0.82 0.82 0.86
  Os 1.0 1.0 1.0
  Kgls 48.0
  Refl 0.25

Triangle
  0.138857 -0.299143 -1.191429
  0.267429 -0.263143 -1.402286
  0.288 -0.211714 -1.191429
  Kd 0.75
  Ks 0.45
  Ka 0.15
  Od 0.82 0.82 0.86
  Os 1.0 1.0 1.0
  Kgls 48.0
  Refl 0.25

Triangle
  -0.138857 -0.299143 -1.191429
  -0.288 -0.211714 -1.191429
  -0.267428 -0.263143 -1.402286
  Kd 0.75
  Ks 0.45
  Ka 0.15
  Od 0.82 0.82 0.86
  Os 1.0 1.0 1.0
  Kgls 48.0
  Refl 0.25

Triangle
  -0.138857 -0.299143 -1.191429
  -0.267428 -0.263143 -1.402286
  -0.144 -0.335143 -1.217143
  Kd 0.75
  Ks 0.45
  Ka 0.15
  Od 0.82 0.82 0.86
  Os 1.0 1.0 1.0
  Kgls 48.0
  Refl 0.25

Triangle
  0.138857 -0.407143 -1.392
  0.267429 -0.263143 -1.402286
  0.144 -0.335143 -1.217143
  Kd 0.75
  Ks 0.45
  Ka 0.15
  Od 0.82 0.82 0.86
  Os 1.0 1.0 1.0
  Kgls 48.0
  Refl 0.25

Triangle
  -0.138857 -0.407143 -1.392
  -0.144 -0.335143 -1.217143
  -0.267428 -0.263143 -1.402286
  Kd 0.75
  Ks 0.45
  Ka 0.15
  Od 0.82 0.82 0.86
  Os 1.0 1.0 1.0
  Kgls 48.0
  Refl 0.25

Triangle
  0.133715 -0.263143 -1.170857
  0.138857 -0.299143 -1.191429
  0.288 -0.211714 -1.191429
  Kd 0.75
  Ks 0.45
  Ka 0.15
  Od 0.82 0.82 0.86
  Os 1.0 1.0 1.0
  Kgls 48.0
  Refl 0.25

Triangle
  -0.133714 -0.263143 -1.170857
  -0.288 -0.211714 -1.191429
  -0.138857 -0.299143 -1.191429
  Kd 0.75
  Ks 0.45
  Ka 0.15
  Od 0.82 0.82 0.86
  Os 1.0 1.0 1.0
  Kgls 48.0
  Refl 0.25

Triangle
  0.421715 -0.155143 -1.782857
  0.318857 -0.134572 -1.86
  0.406286 0.066 -1.885714
  Kd 0.75
  Ks 0.45
  Ka 0.15
  Od 0.82 0.82 0.86
  Os 1.0 1.0 1.0
  Kgls 48.0
  Refl 0.25

Triangle
  0.421715 -0.155143 -1.782857
  0.406286 0.066 -1.885714
  0.509143 0.024857 -1.788
  Kd 0.75
  Ks 0.45
  Ka 0.15
  Od 0.82 0.82 0.86
  Os 1.0 1.0 1.0
  Kgls 48.0
  Refl 0.25

Triangle
  -0.421714 -0.155143 -1.782857
  -0.509143 0.024857 -1.788
  -0.406286 0.066 -1.885714
  Kd 0.75
  Ks 0.45
  Ka 0.15
  Od 0.82 0.82 0.86
  Os 1.0 1.0 1.0
  Kgls 48.0
  Refl 0.25

Triangle
  -0.421714 -0.155143 -1.782857
  -0.406286 0.066 -1.885714
  -0.318857 -0.134572 -1.86
  Kd 0.75
  Ks 0.45
  Ka 0.15
  Od 0.82 0.82 0.86
  Os 1.0 1.0 1.0
  Kgls 48.0
  Refl 0.25

Triangle
  0.406286 0.066 -1.885714
  0.318857 -0.134572 -1.86
  0.221143 -0.114 -1.937143
  Kd 0.75
  Ks 0.45
  Ka 0.15
  Od 0.82 0.82 0.86
  Os 1.0 1.0 1.0
  Kgls 48.0
  Refl 0.25

Triangle
  0.406286 0.066 -1.885714
  0.221143 -0.114 -1.937143
  0.303429 0.138 -1.962857
  Kd 0.75
  Ks 0.45
  Ka 0.15
  Od 0.82 0.82 0.86
  Os 1.0 1.0 1.0
  Kgls 48.0
  Refl 0.25

Triangle
  -0.406286 0.066 -1.885714
  -0.303429 0.138 -1.962857
  -0.221143 -0.114 -1.937143
  Kd 0.75
  Ks 0.45
  Ka 0.15
  Od 0.82 0.82 0.86
  Os 1.0 1.0 1.0
  Kgls 48.0
  Refl 0.25

Triangle
  -0.406286 0.066 -1.885714
  -0.221143 -0.114 -1.937143
  -0.318857 -0.134572 -1.86
  Kd 0.75
  Ks 0.45
  Ka 0.15
  Od 0.82 0.82 0.86
  Os 1.0 1.0 1.0
  Kgls 48.0
  Refl 0.25

Triangle
  0.282857 -0.278572 -1.638857
  0.318857 -0.134572 -1.86
  0.421715 -0.155143 -1.782857
  Kd 0.75
  Ks 0.45
  Ka 0.15
  Od 0.82 0.82 0.86
  Os 1.0 1.0 1.0
  Kgls 48.0
  Refl 0.25

Triangle
  0.282857 -0.278572 -1.638857
  0.421715 -0.155143 -1.782857
  0.390857 -0.232286 -1.608
  Kd 0.75
  Ks 0.45
  Ka 0.15
  Od 0.82 0.82 0.86
  Os 1.0 1.0 1.0
  Kgls 48.0
  Refl 0.25

Triangle
  -0.282857 -0.278572 -1.638857
  -0.390857 -0.232286 -1.608
  -0.421714 -0.155143 -1.782857
  Kd 0.75
  Ks 0.45
  Ka 0.15
  Od 0.82 0.82 0.86
  Os 1.0 1.0 1.0
  Kgls 48.0
  Refl 0.25

Triangle
  -0.282857 -0.278572 -1.638857
  -0.421714 -0.155143 -1.782857
  -0.318857 -0.134572 -1.86
  Kd 0.75
  Ks 0.45
  Ka 0.15
  Od 0.82 0.82 0.86
  Os 1.0 1.0 1.0
  Kgls 48.0
  Refl 0.25

Triangle
  0.226286 -0.247715 -1.854857
  0.318857 -0.134572 -1.86
  0.282857 -0.278572 -1.638857
  Kd 0.75
  Ks 0.45
  Ka 0.15
  Od 0.82 0.82 0.86
  Os 1.0 1.0 1.0
  Kgls 48.0
  Refl 0.25

Triangle
  0.226286 -0.247715 -1.854857
  0.282857 -0.278572 -1.638857
  0.195429 -0.355714 -1.674857
  Kd 0.75
  Ks 0.45
  Ka 0.15
  Od 0.82 0.82 0.86
  Os 1.0 1.0 1.0
  Kgls 48.0
  Refl 0.25

Triangle
  -0.226285 -0.247715 -1.854857
  -0.195428 -0.355714 -1.674857
  -0.282857 -0.278572 -1.638857
  Kd 0.75
  Ks 0.45
  Ka 0.15
  Od 0.82 0.82 0.86
  Os 1.0 1.0 1.0
  Kgls 48.0
  Refl 0.25

Triangle
  -0.226285 -0.247715 -1.854857
  -0.282857 -0.278572 -1.638857
  -0.318857 -0.134572 -1.86
  Kd 0.75
  Ks 0.45
  Ka 0.15
  Od 0.82 0.82 0.86
  Os 1.0 1.0 1.0
  Kgls 48.0
  Refl 0.25

Triangle
  0.318857 -0.134572 -1.86
  0.226286 -0.247715 -1.854857
  0.221143 -0.114 -1.937143
  Kd 0.75
  Ks 0.45
  Ka 0.15
  Od 0.82 0.82 0.86
  Os 1.0 1.0 1.0
  Kgls 48.0
  Refl 0.25

Triangle
  -0.318857 -0.134572 -1.86
  -0.221143 -0.114 -1.937143
  -0.226285 -0.247715 -1.854857
  Kd 0.75
  Ks 0.45
  Ka 0.15
  Od 0.82 0.82 0.86
  Os 1.0 1.0 1.0
  Kgls 48.0
  Refl 0.25

Triangle
  0.586286 0.117429 -1.654286
  0.606857 0.086571 -1.644
  0.668572 0.122571 -1.690286
  Kd 0.75
  Ks 0.45
  Ka 0.15
  Od 0.82 0.82 0.86
  Os 1.0 1.0 1.0
  Kgls 48.0
  Refl 0.25

Triangle
  0.586286 0.117429 -1.654286
  0.668572 0.122571 -1.690286
  0.673714 0.163714 -1.705715
  Kd 0.75
  Ks 0.45
  Ka 0.15
  Od 0.82 0.82 0.86
  Os 1.0 1.0 1.0
  Kgls 48.0
  Refl 0.25

Triangle
  -0.586285 0.117429 -1.654286
  -0.673714 0.163714 -1.705715
  -0.668571 0.122571 -1.690286
  Kd 0.75
  Ks 0.45
  Ka 0.15
  Od 0.82 0.82 0.86
  Os 1.0 1.0 1.0
  Kgls 48.0
  Refl 0.25

Triangle
  -0.586285 0.117429 -1.654286
  -0.668571 0.122571 -1.690286
  -0.606857 0.086571 -1.644
  Kd 0.75
  Ks 0.45
  Ka 0.15
  Od 0.82 0.82 0.86
  Os 1.0 1.0 1.0
  Kgls 48.0
  Refl 0.25

Triangle
  0.668572 0.122571 -1.690286
  0.781715 0.138 -1.757143
  0.812572 0.184285 -1.777715
  Kd 0.75
  Ks 0.45
  Ka 0.15
  Od 0.82 0.82 0.86
  Os 1.0 1.0 1.0
  Kgls 48.0
  Refl 0.25

Triangle
  0.668572 0.122571 -1.690286
  0.812572 0.184285 -1.777715
  0.673714 0.163714 -1.705715
  Kd 0.75
  Ks 0.45
  Ka 0.15
  Od 0.82 0.82 0.86
  Os 1.0 1.0 1.0
  Kgls 48.0
  Refl 0.25

Triangle
  -0.668571 0.122571 -1.690286
  -0.673714 0.163714 -1.705715
  -0.812571 0.184285 -1.777715
  Kd 0.75
  Ks 0.45
  Ka 0.15
  Od 0.82 0.82 0.86
  Os 1.0 1.0 1.0
  Kgls 48.0
  Refl 0.25

Triangle
  -0.668571 0.122571 -1.690286
  -0.812571 0.184285 -1.777715
  -0.781714 0.138 -1.757143
  Kd 0.75
  Ks 0.45
  Ka 0.15
  Od 0.82 0.82 0.86
  Os 1.0 1.0 1.0
  Kgls 48.0
  Refl 0.25

Triangle
  0.781715 0.138 -1.757143
  0.833143 0.040285 -1.767429
  0.889714 0.060857 -1.777715
  Kd 0.75
  Ks 0.45
  Ka 0.15
  Od 0.82 0.82 0.86
  Os 1.0 1.0 1.0
  Kgls 48.0
  Refl 0.25

Triangle
  0.781715 0.138 -1.757143
  0.889714 0.060857 -1.777715
  0.812572 0.184285 -1.777715
  Kd 0.75
  Ks 0.45
  Ka 0.15
  Od 0.82 0.82 0.86
  Os 1.0 1.0 1.0
  Kgls 48.0
  Refl 0.25

Triangle
  -0.781714 0.138 -1.757143
  -0.812571 0.184285 -1.777715
  -0.889714 0.060857 -1.777715
  Kd 0.75
  Ks 0.45
  Ka 0.15
  Od 0.82 0.82 0.86
  Os 1.0 1.0 1.0
  Kgls 48.0
  Refl 0.25

Triangle
  -0.781714 0.138 -1.757143
  -0.889714 0.060857 -1.777715
  -0.833143 0.040285 -1.767429
  Kd 0.75
  Ks 0.45
  Ka 0.15
  Od 0.82 0.82 0.86
  Os 1.0 1.0 1.0
  Kgls 48.0
  Refl 0.25

Triangle
  0.833143 0.040285 -1.767429
  0.797143 -0.098571 -1.767429
  0.843429 -0.114 -1.782857
  Kd 0.75
  Ks 0.45
  Ka 0.15
  Od 0.82 0.82 0.86
  Os 1.0 1.0 1.0
  Kgls 48.0
  Refl 0.25

Triangle
  0.833143 0.040285 -1.767429
  0.843429 -0.114 -1.782857
  0.889714 0.060857 -1.777715
  Kd 0.75
  Ks 0.45
  Ka 0.15
  Od 0.82 0.82 0.86
  Os 1.0 1.0 1.0
  Kgls 48.0
  Refl 0.25

Triangle
  -0.833143 0.040285 -1.767429
  -0.889714 0.060857 -1.777715
  -0.843428 -0.114 -1.782857
  Kd 0.75
  Ks 0.45
  Ka 0.15
  Od 0.82 0.82 0.86
  Os 1.0 1.0 1.0
  Kgls 48.0
  Refl 0.25

Triangle
  -0.833143 0.040285 -1.767429
  -0.843428 -0.114 -1.782857
  -0.797143 -0.098571 -1.767429
  Kd 0.75
  Ks 0.45
  Ka 0.15
  Od 0.82 0.82 0.86
  Os 1.0 1.0 1.0
  Kgls 48.0
  Refl 0.25

Triangle
  0.797143 -0.098571 -1.767429
  0.678857 -0.175715 -1.700571
  0.684 -0.216857 -1.716
  Kd 0.75
  Ks 0.45
  Ka 0.15
  Od 0.82 0.82 0.86
  Os 1.0 1.0 1.0
  Kgls 48.0
  Refl 0.25

Triangle
  0.797143 -0.098571 -1.767429
  0.684 -0.216857 -1.716
  0.843429 -0.114 -1.782857
  Kd 0.75
  Ks 0.45
  Ka 0.15
  Od 0.82 0.82 0.86
  Os 1.0 1.0 1.0
  Kgls 48.0
  Refl 0.25

Triangle
  -0.797143 -0.098571 -1.767429
  -0.843428 -0.114 -1.782857
  -0.684 -0.216857 -1.716
  Kd 0.75
  Ks 0.45
  Ka 0.15
  Od 0.82 0.82 0.86
  Os 1.0 1.0 1.0
  Kgls 48.0
  Refl 0.25

Triangle
  -0.797143 -0.098571 -1.767429
  -0.684 -0.216857 -1.716
  -0.678857 -0.175715 -1.700571
  Kd 0.75
  Ks 0.45
  Ka 0.15
  Od 0.82 0.82 0.86
  Os 1.0 1.0 1.0
  Kgls 48.0
  Refl 0.25

Triangle
  0.678857 -0.175715 -1.700571
  0.545143 -0.196286 -1.587429
  0.509143 -0.242571 -1.582286
  Kd 0.75
  Ks 0.45
  Ka 0.15
  Od 0.82 0.82 0.86
  Os 1.0 1.0 1.0
  Kgls 48.0
  Refl 0.25

Triangle
  0.678857 -0.175715 -1.700571
  0.509143 -0.242571 -1.582286
  0.684 -0.216857 -1.716
  Kd 0.75
  Ks 0.45
  Ka 0.15
  Od 0.82 0.82 0.86
  Os 1.0 1.0 1.0
  Kgls 48.0
  Refl 0.25

Triangle
  -0.678857 -0.175715 -1.700571
  -0.684 -0.216857 -1.716
  -0.509143 -0.242571 -1.582286
  Kd 0.75
  Ks 0.45
  Ka 0.15
  Od 0.82 0.82 0.86
  Os 1.0 1.0 1.0
  Kgls 48.0
  Refl 0.25

Triangle
  -0.678857 -0.175715 -1.700571
  -0.509143 -0.242571 -1.582286
  -0.545143 -0.196286 -1.587429
  Kd 0.75
  Ks 0.45
  Ka 0.15
  Od 0.82 0.82 0.86
  Os 1.0 1.0 1.0
  Kgls 48.0
  Refl 0.25

Triangle
  0.684 -0.15 -1.741714
  0.581143 -0.165429 -1.638857
  0.545143 -0.196286 -1.587429
  Kd 0.75
  Ks 0.45
  Ka 0.15
  Od 0.82 0.82 0.86
  Os 1.0 1.0 1.0
  Kgls 48.0
  Refl 0.25

Triangle
  0.684 -0.15 -1.741714
  0.545143 -0.196286 -1.587429
  0.678857 -0.175715 -1.700571
  Kd 0.75
  Ks 0.45
  Ka 0.15
  Od 0.82 0.82 0.86
  Os 1.0 1.0 1.0
  Kgls 48.0
  Refl 0.25

Triangle
  -0.684 -0.15 -1.741714
  -0.678857 -0.175715 -1.700571
  -0.545143 -0.196286 -1.587429
  Kd 0.75
  Ks 0.45
  Ka 0.15
  Od 0.82 0.82 0.86
  Os 1.0 1.0 1.0
  Kgls 48.0
  Refl 0.25

Triangle
  -0.684 -0.15 -1.741714
  -0.545143 -0.196286 -1.587429
  -0.581143 -0.165429 -1.638857
  Kd 0.75
  Ks 0.45
  Ka 0.15
  Od 0.82 0.82 0.86
  Os 1.0 1.0 1.0
  Kgls 48.0
  Refl 0.25

Triangle
  0.781715 -0.088286 -1.793143
  0.684 -0.15 -1.741714
  0.678857 -0.175715 -1.700571
  Kd 0.75
  Ks 0.45
  Ka 0.15
  Od 0.82 0.82 0.86
  Os 1.0 1.0 1.0
  Kgls 48.0
  Refl 0.25

Triangle
  0.781715 -0.088286 -1.793143
  0.678857 -0.175715 -1.700571
  0.797143 -0.098571 -1.767429
  Kd 0.75
  Ks 0.45
  Ka 0.15
  Od 0.82 0.82 0.86
  Os 1.0 1.0 1.0
  Kgls 48.0
  Refl 0.25

Triangle
  -0.781714 -0.088286 -1.793143
  -0.797143 -0.098571 -1.767429
  -0.678857 -0.175715 -1.700571
  Kd 0.75
  Ks 0.45
  Ka 0.15
  Od 0.82 0.82 0.86
  Os 1.0 1.0 1.0
  Kgls 48.0
  Refl 0.25

Triangle
  -0.781714 -0.088286 -1.793143
  -0.678857 -0.175715 -1.700571
  -0.684 -0.15 -1.741714
  Kd 0.75
  Ks 0.45
  Ka 0.15
  Od 0.82 0.82 0.86
  Os 1.0 1.0 1.0
  Kgls 48.0
  Refl 0.25

Triangle
  0.812572 0.014571 -1.793143
  0.781715 -0.088286 -1.793143
  0.797143 -0.098571 -1.767429
  Kd 0.75
  Ks 0.45
  Ka 0.15
  Od 0.82 0.82 0.86
  Os 1.0 1.0 1.0
  Kgls 48.0
  Refl 0.25

Triangle
  0.812572 0.014571 -1.793143
  0.797143 -0.098571 -1.767429
  0.833143 0.040285 -1.767429
  Kd 0.75
  Ks 0.45
  Ka 0.15
  Od 0.82 0.82 0.86
  Os 1.0 1.0 1.0
  Kgls 48.0
  Refl 0.25

Triangle
  -0.812571 0.014571 -1.793143
  -0.833143 0.040285 -1.767429
  -0.797143 -0.098571 -1.767429
  Kd 0.75
  Ks 0.45
  Ka 0.15
  Od 0.82 0.82 0.86
  Os 1.0 1.0 1.0
  Kgls 48.0
  Refl 0.25

Triangle
  -0.812571 0.014571 -1.793143
  -0.797143 -0.098571 -1.767429
  -0.781714 -0.088286 -1.793143
  Kd 0.75
  Ks 0.45
  Ka 0.15
  Od 0.82 0.82 0.86
  Os 1.0 1.0 1.0
  Kgls 48.0
  Refl 0.25

Triangle
  0.771429 0.086571 -1.788
  0.812572 0.014571 -1.793143
  0.833143 0.040285 -1.767429
  Kd 0.75
  Ks 0.45
  Ka 0.15
  Od 0.82 0.82 0.86
  Os 1.0 1.0 1.0
  Kgls 48.0
  Refl 0.25

Triangle
  0.771429 0.086571 -1.788
  0.833143 0.040285 -1.767429
  0.781715 0.138 -1.757143
  Kd 0.75
  Ks 0.45
  Ka 0.15
  Od 0.82 0.82 0.86
  Os 1.0 1.0 1.0
  Kgls 48.0
  Refl 0.25

Triangle
  -0.771428 0.086571 -1.788
  -0.781714 0.138 -1.757143
  -0.833143 0.040285 -1.767429
  Kd 0.75
  Ks 0.45
  Ka 0.15
  Od 0.82 0.82 0.86
  Os 1.0 1.0 1.0
  Kgls 48.0
  Refl 0.25

Triangle
  -0.771428 0.086571 -1.788
  -0.833143 0.040285 -1.767429
  -0.812571 0.014571 -1.793143
  Kd 0.75
  Ks 0.45
  Ka 0.15
  Od 0.82 0.82 0.86
  Os 1.0 1.0 1.0
  Kgls 48.0
  Refl 0.25

Triangle
  0.673714 0.076286 -1.736572
  0.771429 0.086571 -1.788
  0.781715 0.138 -1.757143
  Kd 0.75
  Ks 0.45
  Ka 0.15
  Od 0.82 0.82 0.86
  Os 1.0 1.0 1.0
  Kgls 48.0
  Refl 0.25

Triangle
  0.673714 0.076286 -1.736572
  0.781715 0.138 -1.757143
  0.668572 0.122571 -1.690286
  Kd 0.75
  Ks 0.45
  Ka 0.15
  Od 0.82 0.82 0.86
  Os 1.0 1.0 1.0
  Kgls 48.0
  Refl 0.25

Triangle
  -0.673714 0.076286 -1.736572
  -0.668571 0.122571 -1.690286
  -0.781714 0.138 -1.757143
  Kd 0.75
  Ks 0.45
  Ka 0.15
  Od 0.82 0.82 0.86
  Os 1.0 1.0 1.0
  Kgls 48.0
  Refl 0.25

Triangle
  -0.673714 0.076286 -1.736572
  -0.781714 0.138 -1.757143
  -0.771428 0.086571 -1.788
  Kd 0.75
  Ks 0.45
  Ka 0.15
  Od 0.82 0.82 0.86
  Os 1.0 1.0 1.0
  Kgls 48.0
  Refl 0.25

Triangle
  0.606857 0.086571 -1.644
  0.622286 0.050571 -1.690286
  0.673714 0.076286 -1.736572
  Kd 0.75
  Ks 0.45
  Ka 0.15
  Od 0.82 0.82 0.86
  Os 1.0 1.0 1.0
  Kgls 48.0
  Refl 0.25

Triangle
  0.606857 0.086571 -1.644
  0.673714 0.076286 -1.736572
  0.668572 0.122571 -1.690286
  Kd 0.75
  Ks 0.45
  Ka 0.15
  Od 0.82 0.82 0.86
  Os 1.0 1.0 1.0
  Kgls 48.0
  Refl 0.25

Triangle
  -0.606857 0.086571 -1.644
  -0.668571 0.122571 -1.690286
  -0.673714 0.076286 -1.736572
  Kd 0.75
  Ks 0.45
  Ka 0.15
  Od 0.82 0.82 0.86
  Os 1.0 1.0 1.0
  Kgls 48.0
  Refl 0.25

Triangle
  -0.606857 0.086571 -1.644
  -0.673714 0.076286 -1.736572
  -0.622286 0.050571 -1.690286
  Kd 0.75
  Ks 0.45
  Ka 0.15
  Od 0.82 0.82 0.86
  Os 1.0 1.0 1.0
  Kgls 48.0
  Refl 0.25

Triangle
  0.390857 -0.232286 -1.608
  0.473143 -0.165429 -1.613143
  0.478286 -0.15 -1.546286
  Kd 0.75
  Ks 0.45
  Ka 0.15
  Od 0.82 0.82 0.86
  Os 1.0 1.0 1.0
  Kgls 48.0
  Refl 0.25

Triangle
  0.390857 -0.232286 -1.608
  0.478286 -0.15 -1.546286
  0.483429 -0.180857 -1.453714
  Kd 0.75
  Ks 0.45
  Ka 0.15
  Od 0.82 0.82 0.86
  Os 1.0 1.0 1.0
  Kgls 48.0
  Refl 0.25

Triangle
  -0.390857 -0.232286 -1.608
  -0.483428 -0.180857 -1.453714
  -0.478286 -0.15 -1.546286
  Kd 0.75
  Ks 0.45
  Ka 0.15
  Od 0.82 0.82 0.86
  Os 1.0 1.0 1.0
  Kgls 48.0
  Refl 0.25

Triangle
  -0.390857 -0.232286 -1.608
  -0.478286 -0.15 -1.546286
  -0.473143 -0.165429 -1.613143
  Kd 0.75
  Ks 0.45
  Ka 0.15
  Od 0.82 0.82 0.86
  Os 1.0 1.0 1.0
  Kgls 48.0
  Refl 0.25

Triangle
  0.509143 -0.242571 -1.582286
  0.545143 -0.196286 -1.587429
  0.473143 -0.165429 -1.613143
  Kd 0.75
  Ks 0.45
  Ka 0.15
  Od 0.82 0.82 0.86
  Os 1.0 1.0 1.0
  Kgls 48.0
  Refl 0.25

Triangle
  0.509143 -0.242571 -1.582286
  0.473143 -0.165429 -1.613143
  0.390857 -0.232286 -1.608
  Kd 0.75
  Ks 0.45
  Ka 0.15
  Od 0.82 0.82 0.86
  Os 1.0 1.0 1.0
  Kgls 48.0
  Refl 0.25

Triangle
  -0.509143 -0.242571 -1.582286
  -0.390857 -0.232286 -1.608
  -0.473143 -0.165429 -1.613143
  Kd 0.75
  Ks 0.45
  Ka 0.15
  Od 0.82 0.82 0.86
  Os 1.0 1.0 1.0
  Kgls 48.0
  Refl 0.25

Triangle
  -0.509143 -0.242571 -1.582286
  -0.473143 -0.165429 -1.613143
  -0.545143 -0.196286 -1.587429
  Kd 0.75
  Ks 0.45
  Ka 0.15
  Od 0.82 0.82 0.86
  Os 1.0 1.0 1.0
  Kgls 48.0
  Refl 0.25

Triangle
  0.483429 -0.180857 -1.453714
  0.478286 -0.15 -1.546286
  0.565715 0.060857 -1.530857
  Kd 0.75
  Ks 0.45
  Ka 0.15
  Od 0.82 0.82 0.86
  Os 1.0 1.0 1.0
  Kgls 48.0
  Refl 0.25

Triangle
  0.483429 -0.180857 -1.453714
  0.565715 0.060857 -1.530857
  0.560571 0.004286 -1.464
  Kd 0.75
  Ks 0.45
  Ka 0.15
  Od 0.82 0.82 0.86
  Os 1.0 1.0 1.0
  Kgls 48.0
  Refl 0.25

Triangle
  -0.483428 -0.180857 -1.453714
  -0.560571 0.004286 -1.464
  -0.565714 0.060857 -1.530857
  Kd 0.75
  Ks 0.45
  Ka 0.15
  Od 0.82 0.82 0.86
  Os 1.0 1.0 1.0
  Kgls 48.0
  Refl 0.25

Triangle
  -0.483428 -0.180857 -1.453714
  -0.565714 0.060857 -1.530857
  -0.478286 -0.15 -1.546286
  Kd 0.75
  Ks 0.45
  Ka 0.15
  Od 0.82 0.82 0.86
  Os 1.0 1.0 1.0
  Kgls 48.0
  Refl 0.25

Triangle
  0.555429 0.040285 -1.638857
  0.606857 0.086571 -1.644
  0.586286 0.117429 -1.654286
  Kd 0.75
  Ks 0.45
  Ka 0.15
  Od 0.82 0.82 0.86
  Os 1.0 1.0 1.0
  Kgls 48.0
  Refl 0.25

Triangle
  0.555429 0.040285 -1.638857
  0.586286 0.117429 -1.654286
  0.54 0.066 -1.633715
  Kd 0.75
  Ks 0.45
  Ka 0.15
  Od 0.82 0.82 0.86
  Os 1.0 1.0 1.0
  Kgls 48.0
  Refl 0.25

Triangle
  -0.555428 0.040285 -1.638857
  -0.54 0.066 -1.633715
  -0.586285 0.117429 -1.654286
  Kd 0.75
  Ks 0.45
  Ka 0.15
  Od 0.82 0.82 0.86
  Os 1.0 1.0 1.0
  Kgls 48.0
  Refl 0.25

Triangle
  -0.555428 0.040285 -1.638857
  -0.586285 0.117429 -1.654286
  -0.606857 0.086571 -1.644
  Kd 0.75
  Ks 0.45
  Ka 0.15
  Od 0.82 0.82 0.86
  Os 1.0 1.0 1.0
  Kgls 48.0
  Refl 0.25

Triangle
  0.581143 -0.165429 -1.638857
  0.534857 -0.160286 -1.68
  0.473143 -0.165429 -1.613143
  Kd 0.75
  Ks 0.45
  Ka 0.15
  Od 0.82 0.82 0.86
  Os 1.0 1.0 1.0
  Kgls 48.0
  Refl 0.25

Triangle
  0.581143 -0.165429 -1.638857
  0.473143 -0.165429 -1.613143
  0.545143 -0.196286 -1.587429
  Kd 0.75
  Ks 0.45
  Ka 0.15
  Od 0.82 0.82 0.86
  Os 1.0 1.0 1.0
  Kgls 48.0
  Refl 0.25

Triangle
  -0.581143 -0.165429 -1.638857
  -0.545143 -0.196286 -1.587429
  -0.473143 -0.165429 -1.613143
  Kd 0.75
  Ks 0.45
  Ka 0.15
  Od 0.82 0.82 0.86
  Os 1.0 1.0 1.0
  Kgls 48.0
  Refl 0.25

Triangle
  -0.581143 -0.165429 -1.638857
  -0.473143 -0.165429 -1.613143
  -0.534857 -0.160286 -1.68
  Kd 0.75
  Ks 0.45
  Ka 0.15
  Od 0.82 0.82 0.86
  Os 1.0 1.0 1.0
  Kgls 48.0
  Refl 0.25

Triangle
  0.473143 -0.124286 -1.623429
  0.473143 -0.165429 -1.613143
  0.534857 -0.160286 -1.68
  Kd 0.75
  Ks 0.45
  Ka 0.15
  Od 0.82 0.82 0.86
  Os 1.0 1.0 1.0
  Kgls 48.0
  Refl 0.25

Triangle
  0.473143 -0.124286 -1.623429
  0.534857 -0.160286 -1.68
  0.555429 -0.139714 -1.68
  Kd 0.75
  Ks 0.45
  Ka 0.15
  Od 0.82 0.82 0.86
  Os 1.0 1.0 1.0
  Kgls 48.0
  Refl 0.25

Triangle
  -0.473143 -0.124286 -1.623429
  -0.555428 -0.139714 -1.68
  -0.534857 -0.160286 -1.68
  Kd 0.75
  Ks 0.45
  Ka 0.15
  Od 0.82 0.82 0.86
  Os 1.0 1.0 1.0
  Kgls 48.0
  Refl 0.25

Triangle
  -0.473143 -0.124286 -1.623429
  -0.534857 -0.160286 -1.68
  -0.473143 -0.165429 -1.613143
  Kd 0.75
  Ks 0.45
  Ka 0.15
  Od 0.82 0.82 0.86
  Os 1.0 1.0 1.0
  Kgls 48.0
  Refl 0.25

Triangle
  0.473143 -0.124286 -1.623429
  0.555429 -0.139714 -1.68
  0.54 -0.093429 -1.68
  Kd 0.75
  Ks 0.45
  Ka 0.15
  Od 0.82 0.82 0.86
  Os 1.0 1.0 1.0
  Kgls 48.0
  Refl 0.25

Triangle
  0.473143 -0.124286 -1.623429
  0.54 -0.093429 -1.68
  0.498857 -0.088286 -1.68
  Kd 0.75
  Ks 0.45
  Ka 0.15
  Od 0.82 0.82 0.86
  Os 1.0 1.0 1.0
  Kgls 48.0
  Refl 0.25

Triangle
  -0.473143 -0.124286 -1.623429
  -0.498857 -0.088286 -1.68
  -0.54 -0.093429 -1.68
  Kd 0.75
  Ks 0.45
  Ka 0.15
  Od 0.82 0.82 0.86
  Os 1.0 1.0 1.0
  Kgls 48.0
  Refl 0.25

Triangle
  -0.473143 -0.124286 -1.623429
  -0.54 -0.093429 -1.68
  -0.555428 -0.139714 -1.68
  Kd 0.75
  Ks 0.45
  Ka 0.15
  Od 0.82 0.82 0.86
  Os 1.0 1.0 1.0
  Kgls 48.0
  Refl 0.25

Triangle
  0.524572 -0.016286 -1.638857
  0.473143 -0.124286 -1.623429
  0.498857 -0.088286 -1.68
  Kd 0.75
  Ks 0.45
  Ka 0.15
  Od 0.82 0.82 0.86
  Os 1.0 1.0 1.0
  Kgls 48.0
  Refl 0.25

Triangle
  0.524572 -0.016286 -1.638857
  0.498857 -0.088286 -1.68
  0.550286 -0.036857 -1.68
  Kd 0.75
  Ks 0.45
  Ka 0.15
  Od 0.82 0.82 0.86
  Os 1.0 1.0 1.0
  Kgls 48.0
  Refl 0.25

Triangle
  -0.524571 -0.016286 -1.638857
  -0.550286 -0.036857 -1.68
  -0.498857 -0.088286 -1.68
  Kd 0.75
  Ks 0.45
  Ka 0.15
  Od 0.82 0.82 0.86
  Os 1.0 1.0 1.0
  Kgls 48.0
  Refl 0.25

Triangle
  -0.524571 -0.016286 -1.638857
  -0.498857 -0.088286 -1.68
  -0.473143 -0.124286 -1.623429
  Kd 0.75
  Ks 0.45
  Ka 0.15
  Od 0.82 0.82 0.86
  Os 1.0 1.0 1.0
  Kgls 48.0
  Refl 0.25

Triangle
  0.524572 -0.016286 -1.638857
  0.550286 -0.036857 -1.68
  0.586286 0.009428 -1.674857
  Kd 0.75
  Ks 0.45
  Ka 0.15
  Od 0.82 0.82 0.86
  Os 1.0 1.0 1.0
  Kgls 48.0
  Refl 0.25

Triangle
  0.524572 -0.016286 -1.638857
  0.586286 0.009428 -1.674857
  0.555429 0.040285 -1.638857
  Kd 0.75
  Ks 0.45
  Ka 0.15
  Od 0.82 0.82 0.86
  Os 1.0 1.0 1.0
  Kgls 48.0
  Refl 0.25

Triangle
  -0.524571 -0.016286 -1.638857
  -0.555428 0.040285 -1.638857
  -0.586285 0.009428 -1.674857
  Kd 0.75
  Ks 0.45
  Ka 0.15
  Od 0.82 0.82 0.86
  Os 1.0 1.0 1.0
  Kgls 48.0
  Refl 0.25

Triangle
  -0.524571 -0.016286 -1.638857
  -0.586285 0.009428 -1.674857
  -0.550286 -0.036857 -1.68
  Kd 0.75
  Ks 0.45
  Ka 0.15
  Od 0.82 0.82 0.86
  Os 1.0 1.0 1.0
  Kgls 48.0
  Refl 0.25

Triangle
  0.555429 0.040285 -1.638857
  0.586286 0.009428 -1.674857
  0.622286 0.050571 -1.690286
  Kd 0.75
  Ks 0.45
  Ka 0.15
  Od 0.82 0.82 0.86
  Os 1.0 1.0 1.0
  Kgls 48.0
  Refl 0.25

Triangle
  0.555429 0.040285 -1.638857
  0.622286 0.050571 -1.690286
  0.606857 0.086571 -1.644
  Kd 0.75
  Ks 0.45
  Ka 0.15
  Od 0.82 0.82 0.86
  Os 1.0 1.0 1.0
  Kgls 48.0
  Refl 0.25

Triangle
  -0.555428 0.040285 -1.638857
  -0.606857 0.086571 -1.644
  -0.622286 0.050571 -1.690286
  Kd 0.75
  Ks 0.45
  Ka 0.15
  Od 0.82 0.82 0.86
  Os 1.0 1.0 1.0
  Kgls 48.0
  Refl 0.25

Triangle
  -0.555428 0.040285 -1.638857
  -0.622286 0.050571 -1.690286
  -0.586285 0.009428 -1.674857
  Kd 0.75
  Ks 0.45
  Ka 0.15
  Od 0.82 0.82 0.86
  Os 1.0 1.0 1.0
  Kgls 48.0
  Refl 0.25

Triangle
  0.524572 -0.016286 -1.638857
  0.555429 0.040285 -1.638857
  0.54 0.066 -1.633715
  Kd 0.75
  Ks 0.45
  Ka 0.15
  Od 0.82 0.82 0.86
  Os 1.0 1.0 1.0
  Kgls 48.0
  Refl 0.25

Triangle
  0.524572 -0.016286 -1.638857
  0.54 0.066 -1.633715
  0.565715 0.060857 -1.530857
  Kd 0.75
  Ks 0.45
  Ka 0.15
  Od 0.82 0.82 0.86
  Os 1.0 1.0 1.0
  Kgls 48.0
  Refl 0.25

Triangle
  -0.524571 -0.016286 -1.638857
  -0.565714 0.060857 -1.530857
  -0.54 0.066 -1.633715
  Kd 0.75
  Ks 0.45
  Ka 0.15
  Od 0.82 0.82 0.86
  Os 1.0 1.0 1.0
  Kgls 48.0
  Refl 0.25

Triangle
  -0.524571 -0.016286 -1.638857
  -0.54 0.066 -1.633715
  -0.555428 0.040285 -1.638857
  Kd 0.75
  Ks 0.45
  Ka 0.15
  Od 0.82 0.82 0.86
  Os 1.0 1.0 1.0
  Kgls 48.0
  Refl 0.25

Triangle
  0.478286 -0.15 -1.546286
  0.473143 -0.124286 -1.623429
  0.524572 -0.016286 -1.638857
  Kd 0.75
  Ks 0.45
  Ka 0.15
  Od 0.82 0.82 0.86
  Os 1.0 1.0 1.0
  Kgls 48.0
  Refl 0.25

Triangle
  0.478286 -0.15 -1.546286
  0.524572 -0.016286 -1.638857
  0.565715 0.060857 -1.530857
  Kd 0.75
  Ks 0.45
  Ka 0.15
  Od 0.82 0.82 0.86
  Os 1.0 1.0 1.0
  Kgls 48.0
  Refl 0.25

Triangle
  -0.478286 -0.15 -1.546286
  -0.565714 0.060857 -1.530857
  -0.524571 -0.016286 -1.638857
  Kd 0.75
  Ks 0.45
  Ka 0.15
  Od 0.82 0.82 0.86
  Os 1.0 1.0 1.0
  Kgls 48.0
  Refl 0.25

Triangle
  -0.478286 -0.15 -1.546286
  -0.524571 -0.016286 -1.638857
  -0.473143 -0.124286 -1.623429
  Kd 0.75
  Ks 0.45
  Ka 0.15
  Od 0.82 0.82 0.86
  Os 1.0 1.0 1.0
  Kgls 48.0
  Refl 0.25

Triangle
  0.473143 -0.165429 -1.613143
  0.473143 -0.124286 -1.623429
  0.478286 -0.15 -1.546286
  Kd 0.75
  Ks 0.45
  Ka 0.15
  Od 0.82 0.82 0.86
  Os 1.0 1.0 1.0
  Kgls 48.0
  Refl 0.25

Triangle
  -0.473143 -0.165429 -1.613143
  -0.478286 -0.15 -1.546286
  -0.473143 -0.124286 -1.623429
  Kd 0.75
  Ks 0.45
  Ka 0.15
  Od 0.82 0.82 0.86
  Os 1.0 1.0 1.0
  Kgls 48.0
  Refl 0.25

Triangle
  0.586286 0.009428 -1.674857
  0.586286 0.004286 -1.710857
  0.627429 0.040285 -1.726286
  Kd 0.75
  Ks 0.45
  Ka 0.15
  Od 0.82 0.82 0.86
  Os 1.0 1.0 1.0
  Kgls 48.0
  Refl 0.25

Triangle
  0.586286 0.009428 -1.674857
  0.627429 0.040285 -1.726286
  0.622286 0.050571 -1.690286
  Kd 0.75
  Ks 0.45
  Ka 0.15
  Od 0.82 0.82 0.86
  Os 1.0 1.0 1.0
  Kgls 48.0
  Refl 0.25

Triangle
  -0.586285 0.009428 -1.674857
  -0.622286 0.050571 -1.690286
  -0.627428 0.040285 -1.726286
  Kd 0.75
  Ks 0.45
  Ka 0.15
  Od 0.82 0.82 0.86
  Os 1.0 1.0 1.0
  Kgls 48.0
  Refl 0.25

Triangle
  -0.586285 0.009428 -1.674857
  -0.627428 0.040285 -1.726286
  -0.586285 0.004286 -1.710857
  Kd 0.75
  Ks 0.45
  Ka 0.15
  Od 0.82 0.82 0.86
  Os 1.0 1.0 1.0
  Kgls 48.0
  Refl 0.25

Triangle
  0.550286 -0.036857 -1.68
  0.555429 -0.036857 -1.710857
  0.586286 0.004286 -1.710857
  Kd 0.75
  Ks 0.45
  Ka 0.15
  Od 0.82 0.82 0.86
  Os 1.0 1.0 1.0
  Kgls 48.0
  Refl 0.25

Triangle
  0.550286 -0.036857 -1.68
  0.586286 0.004286 -1.710857
  0.586286 0.009428 -1.674857
  Kd 0.75
  Ks 0.45
  Ka 0.15
  Od 0.82 0.82 0.86
  Os 1.0 1.0 1.0
  Kgls 48.0
  Refl 0.25

Triangle
  -0.550286 -0.036857 -1.68
  -0.586285 0.009428 -1.674857
  -0.586285 0.004286 -1.710857
  Kd 0.75
  Ks 0.45
  Ka 0.15
  Od 0.82 0.82 0.86
  Os 1.0 1.0 1.0
  Kgls 48.0
  Refl 0.25

Triangle
  -0.550286 -0.036857 -1.68
  -0.586285 0.004286 -1.710857
  -0.555428 -0.036857 -1.710857
  Kd 0.75
  Ks 0.45
  Ka 0.15
  Od 0.82 0.82 0.86
  Os 1.0 1.0 1.0
  Kgls 48.0
  Refl 0.25

Triangle
  0.498857 -0.088286 -1.68
  0.504 -0.088286 -1.710857
  0.555429 -0.036857 -1.710857
  Kd 0.75
  Ks 0.45
  Ka 0.15
  Od 0.82 0.82 0.86
  Os 1.0 1.0 1.0
  Kgls 48.0
  Refl 0.25

Triangle
  0.498857 -0.088286 -1.68
  0.555429 -0.036857 -1.710857
  0.550286 -0.036857 -1.68
  Kd 0.75
  Ks 0.45
  Ka 0.15
  Od 0.82 0.82 0.86
  Os 1.0 1.0 1.0
  Kgls 48.0
  Refl 0.25

Triangle
  -0.498857 -0.088286 -1.68
  -0.550286 -0.036857 -1.68
  -0.555428 -0.036857 -1.710857
  Kd 0.75
  Ks 0.45
  Ka 0.15
  Od 0.82 0.82 0.86
  Os 1.0 1.0 1.0
  Kgls 48.0
  Refl 0.25

Triangle
  -0.498857 -0.088286 -1.68
  -0.555428 -0.036857 -1.710857
  -0.504 -0.088286 -1.710857
  Kd 0.75
  Ks 0.45
  Ka 0.15
  Od 0.82 0.82 0.86
  Os 1.0 1.0 1.0
  Kgls 48.0
  Refl 0.25

Triangle
  0.54 -0.093429 -1.68
  0.545143 -0.098571 -1.710857
  0.504 -0.088286 -1.710857
  Kd 0.75
  Ks 0.45
  Ka 0.15
  Od 0.82 0.82 0.86
  Os 1.0 1.0 1.0
  Kgls 48.0
  Refl 0.25

Triangle
  0.54 -0.093429 -1.68
  0.504 -0.088286 -1.710857
  0.498857 -0.088286 -1.68
  Kd 0.75
  Ks 0.45
  Ka 0.15
  Od 0.82 0.82 0.86
  Os 1.0 1.0 1.0
  Kgls 48.0
  Refl 0.25

Triangle
  -0.54 -0.093429 -1.68
  -0.498857 -0.088286 -1.68
  -0.504 -0.088286 -1.710857
  Kd 0.75
  Ks 0.45
  Ka 0.15
  Od 0.82 0.82 0.86
  Os 1.0 1.0 1.0
  Kgls 48.0
  Refl 0.25

Triangle
  -0.54 -0.093429 -1.68
  -0.504 -0.088286 -1.710857
  -0.545143 -0.098571 -1.710857
  Kd 0.75
  Ks 0.45
  Ka 0.15
  Od 0.82 0.82 0.86
  Os 1.0 1.0 1.0
  Kgls 48.0
  Refl 0.25

Triangle
  0.555429 -0.139714 -1.68
  0.560571 -0.139714 -1.710857
  0.545143 -0.098571 -1.710857
  Kd 0.75
  Ks 0.45
  Ka 0.15
  Od 0.82 0.82 0.86
  Os 1.0 1.0 1.0
  Kgls 48.0
  Refl 0.25

Triangle
  0.555429 -0.139714 -1.68
  0.545143 -0.098571 -1.710857
  0.54 -0.093429 -1.68
  Kd 0.75
  Ks 0.45
  Ka 0.15
  Od 0.82 0.82 0.86
  Os 1.0 1.0 1.0
  Kgls 48.0
  Refl 0.25

Triangle
  -0.555428 -0.139714 -1.68
  -0.54 -0.093429 -1.68
  -0.545143 -0.098571 -1.710857
  Kd 0.75
  Ks 0.45
  Ka 0.15
  Od 0.82 0.82 0.86
  Os 1.0 1.0 1.0
  Kgls 48.0
  Refl 0.25

Triangle
  -0.555428 -0.139714 -1.68
  -0.545143 -0.098571 -1.710857
  -0.560571 -0.139714 -1.710857
  Kd 0.75
  Ks 0.45
  Ka 0.15
  Od 0.82 0.82 0.86
  Os 1.0 1.0 1.0
  Kgls 48.0
  Refl 0.25

Triangle
  0.534857 -0.160286 -1.68
  0.534857 -0.160286 -1.710857
  0.560571 -0.139714 -1.710857
  Kd 0.75
  Ks 0.45
  Ka 0.15
  Od 0.82 0.82 0.86
  Os 1.0 1.0 1.0
  Kgls 48.0
  Refl 0.25

Triangle
  0.534857 -0.160286 -1.68
  0.560571 -0.139714 -1.710857
  0.555429 -0.139714 -1.68
  Kd 0.75
  Ks 0.45
  Ka 0.15
  Od 0.82 0.82 0.86
  Os 1.0 1.0 1.0
  Kgls 48.0
  Refl 0.25

Triangle
  -0.534857 -0.160286 -1.68
  -0.555428 -0.139714 -1.68
  -0.560571 -0.139714 -1.710857
  Kd 0.75
  Ks 0.45
  Ka 0.15
  Od 0.82 0.82 0.86
  Os 1.0 1.0 1.0
  Kgls 48.0
  Refl 0.25

Triangle
  -0.534857 -0.160286 -1.68
  -0.560571 -0.139714 -1.710857
  -0.534857 -0.160286 -1.710857
  Kd 0.75
  Ks 0.45
  Ka 0.15
  Od 0.82 0.82 0.86
  Os 1.0 1.0 1.0
  Kgls 48.0
  Refl 0.25

Triangle
  0.581143 -0.165429 -1.638857
  0.581143 -0.160286 -1.674857
  0.534857 -0.160286 -1.710857
  Kd 0.75
  Ks 0.45
  Ka 0.15
  Od 0.82 0.82 0.86
  Os 1.0 1.0 1.0
  Kgls 48.0
  Refl 0.25

Triangle
  0.581143 -0.165429 -1.638857
  0.534857 -0.160286 -1.710857
  0.534857 -0.160286 -1.68
  Kd 0.75
  Ks 0.45
  Ka 0.15
  Od 0.82 0.82 0.86
  Os 1.0 1.0 1.0
  Kgls 48.0
  Refl 0.25

Triangle
  -0.581143 -0.165429 -1.638857
  -0.534857 -0.160286 -1.68
  -0.534857 -0.160286 -1.710857
  Kd 0.75
  Ks 0.45
  Ka 0.15
  Od 0.82 0.82 0.86
  Os 1.0 1.0 1.0
  Kgls 48.0
  Refl 0.25

Triangle
  -0.581143 -0.165429 -1.638857
  -0.534857 -0.160286 -1.710857
  -0.581143 -0.160286 -1.674857
  Kd 0.75
  Ks 0.45
  Ka 0.15
  Od 0.82 0.82 0.86
  Os 1.0 1.0 1.0
  Kgls 48.0
  Refl 0.25

Triangle
  0.622286 0.050571 -1.690286
  0.627429 0.040285 -1.726286
  0.684 0.066 -1.772571
  Kd 0.75
  Ks 0.45
  Ka 0.15
  Od 0.82 0.82 0.86
  Os 1.0 1.0 1.0
  Kgls 48.0
  Refl 0.25

Triangle
  0.622286 0.050571 -1.690286
  0.684 0.066 -1.772571
  0.673714 0.076286 -1.736572
  Kd 0.75
  Ks 0.45
  Ka 0.15
  Od 0.82 0.82 0.86
  Os 1.0 1.0 1.0
  Kgls 48.0
  Refl 0.25

Triangle
  -0.622286 0.050571 -1.690286
  -0.673714 0.076286 -1.736572
  -0.684 0.066 -1.772571
  Kd 0.75
  Ks 0.45
  Ka 0.15
  Od 0.82 0.82 0.86
  Os 1.0 1.0 1.0
  Kgls 48.0
  Refl 0.25

Triangle
  -0.622286 0.050571 -1.690286
  -0.684 0.066 -1.772571
  -0.627428 0.040285 -1.726286
  Kd 0.75
  Ks 0.45
  Ka 0.15
  Od 0.82 0.82 0.86
  Os 1.0 1.0 1.0
  Kgls 48.0
  Refl 0.25

Triangle
  0.673714 0.076286 -1.736572
  0.684 0.066 -1.772571
  0.781715 0.076286 -1.818857
  Kd 0.75
  Ks 0.45
  Ka 0.15
  Od 0.82 0.82 0.86
  Os 1.0 1.0 1.0
  Kgls 48.0
  Refl 0.25

Triangle
  0.673714 0.076286 -1.736572
  0.781715 0.076286 -1.818857
  0.771429 0.086571 -1.788
  Kd 0.75
  Ks 0.45
  Ka 0.15
  Od 0.82 0.82 0.86
  Os 1.0 1.0 1.0
  Kgls 48.0
  Refl 0.25

Triangle
  -0.673714 0.076286 -1.736572
  -0.771428 0.086571 -1.788
  -0.781714 0.076286 -1.818857
  Kd 0.75
  Ks 0.45
  Ka 0.15
  Od 0.82 0.82 0.86
  Os 1.0 1.0 1.0
  Kgls 48.0
  Refl 0.25

Triangle
  -0.673714 0.076286 -1.736572
  -0.781714 0.076286 -1.818857
  -0.684 0.066 -1.772571
  Kd 0.75
  Ks 0.45
  Ka 0.15
  Od 0.82 0.82 0.86
  Os 1.0 1.0 1.0
  Kgls 48.0
  Refl 0.25

Triangle
  0.771429 0.086571 -1.788
  0.781715 0.076286 -1.818857
  0.828 0.009428 -1.824
  Kd 0.75
  Ks 0.45
  Ka 0.15
  Od 0.82 0.82 0.86
  Os 1.0 1.0 1.0
  Kgls 48.0
  Refl 0.25

Triangle
  0.771429 0.086571 -1.788
  0.828 0.009428 -1.824
  0.812572 0.014571 -1.793143
  Kd 0.75
  Ks 0.45
  Ka 0.15
  Od 0.82 0.82 0.86
  Os 1.0 1.0 1.0
  Kgls 48.0
  Refl 0.25

Triangle
  -0.771428 0.086571 -1.788
  -0.812571 0.014571 -1.793143
  -0.828 0.009428 -1.824
  Kd 0.75
  Ks 0.45
  Ka 0.15
  Od 0.82 0.82 0.86
  Os 1.0 1.0 1.0
  Kgls 48.0
  Refl 0.25

Triangle
  -0.771428 0.086571 -1.788
  -0.828 0.009428 -1.824
  -0.781714 0.076286 -1.818857
  Kd 0.75
  Ks 0.45
  Ka 0.15
  Od 0.82 0.82 0.86
  Os 1.0 1.0 1.0
  Kgls 48.0
  Refl 0.25

Triangle
  0.812572 0.014571 -1.793143
  0.828 0.009428 -1.824
  0.797143 -0.093429 -1.818857
  Kd 0.75
  Ks 0.45
  Ka 0.15
  Od 0.82 0.82 0.86
  Os 1.0 1.0 1.0
  Kgls 48.0
  Refl 0.25

Triangle
  0.812572 0.014571 -1.793143
  0.797143 -0.093429 -1.818857
  0.781715 -0.088286 -1.793143
  Kd 0.75
  Ks 0.45
  Ka 0.15
  Od 0.82 0.82 0.86
  Os 1.0 1.0 1.0
  Kgls 48.0
  Refl 0.25

Triangle
  -0.812571 0.014571 -1.793143
  -0.781714 -0.088286 -1.793143
  -0.797143 -0.093429 -1.818857
  Kd 0.75
  Ks 0.45
  Ka 0.15
  Od 0.82 0.82 0.86
  Os 1.0 1.0 1.0
  Kgls 48.0
  Refl 0.25

Triangle
  -0.812571 0.014571 -1.793143
  -0.797143 -0.093429 -1.818857
  -0.828 0.009428 -1.824
  Kd 0.75
  Ks 0.45
  Ka 0.15
  Od 0.82 0.82 0.86
  Os 1.0 1.0 1.0
  Kgls 48.0
  Refl 0.25

Triangle
  0.781715 -0.088286 -1.793143
  0.797143 -0.093429 -1.818857
  0.689143 -0.15 -1.777715
  Kd 0.75
  Ks 0.45
  Ka 0.15
  Od 0.82 0.82 0.86
  Os 1.0 1.0 1.0
  Kgls 48.0
  Refl 0.25

Triangle
  0.781715 -0.088286 -1.793143
  0.689143 -0.15 -1.777715
  0.684 -0.15 -1.741714
  Kd 0.75
  Ks 0.45
  Ka 0.15
  Od 0.82 0.82 0.86
  Os 1.0 1.0 1.0
  Kgls 48.0
  Refl 0.25

Triangle
  -0.781714 -0.088286 -1.793143
  -0.684 -0.15 -1.741714
  -0.689143 -0.15 -1.777715
  Kd 0.75
  Ks 0.45
  Ka 0.15
  Od 0.82 0.82 0.86
  Os 1.0 1.0 1.0
  Kgls 48.0
  Refl 0.25

Triangle
  -0.781714 -0.088286 -1.793143
  -0.689143 -0.15 -1.777715
  -0.797143 -0.093429 -1.818857
  Kd 0.75
  Ks 0.45
  Ka 0.15
  Od 0.82 0.82 0.86
  Os 1.0 1.0 1.0
  Kgls 48.0
  Refl 0.25

Triangle
  0.684 -0.15 -1.741714
  0.689143 -0.15 -1.777715
  0.581143 -0.160286 -1.674857
  Kd 0.75
  Ks 0.45
  Ka 0.15
  Od 0.82 0.82 0.86
  Os 1.0 1.0 1.0
  Kgls 48.0
  Refl 0.25

Triangle
  0.684 -0.15 -1.741714
  0.581143 -0.160286 -1.674857
  0.581143 -0.165429 -1.638857
  Kd 0.75
  Ks 0.45
  Ka 0.15
  Od 0.82 0.82 0.86
  Os 1.0 1.0 1.0
  Kgls 48.0
  Refl 0.25

Triangle
  -0.684 -0.15 -1.741714
  -0.581143 -0.165429 -1.638857
  -0.581143 -0.160286 -1.674857
  Kd 0.75
  Ks 0.45
  Ka 0.15
  Od 0.82 0.82 0.86
  Os 1.0 1.0 1.0
  Kgls 48.0
  Refl 0.25

Triangle
  -0.684 -0.15 -1.741714
  -0.581143 -0.160286 -1.674857
  -0.689143 -0.15 -1.777715
  Kd 0.75
  Ks 0.45
  Ka 0.15
  Od 0.82 0.82 0.86
  Os 1.0 1.0 1.0
  Kgls 48.0
  Refl 0.25

Triangle
  0.560571 -0.139714 -1.710857
  0.617143 -0.108857 -1.721143
  0.586286 -0.078 -1.716
  Kd 0.75
  Ks 0.45
  Ka 0.15
  Od 0.82 0.82 0.86
  Os 1.0 1.0 1.0
  Kgls 48.0
  Refl 0.25

Triangle
  0.560571 -0.139714 -1.710857
  0.586286 -0.078 -1.716
  0.545143 -0.098571 -1.710857
  Kd 0.75
  Ks 0.45
  Ka 0.15
  Od 0.82 0.82 0.86
  Os 1.0 1.0 1.0
  Kgls 48.0
  Refl 0.25

Triangle
  -0.560571 -0.139714 -1.710857
  -0.545143 -0.098571 -1.710857
  -0.586285 -0.078 -1.716
  Kd 0.75
  Ks 0.45
  Ka 0.15
  Od 0.82 0.82 0.86
  Os 1.0 1.0 1.0
  Kgls 48.0
  Refl 0.25

Triangle
  -0.560571 -0.139714 -1.710857
  -0.586285 -0.078 -1.716
  -0.617143 -0.108857 -1.721143
  Kd 0.75
  Ks 0.45
  Ka 0.15
  Od 0.82 0.82 0.86
  Os 1.0 1.0 1.0
  Kgls 48.0
  Refl 0.25

Triangle
  0.617143 -0.108857 -1.721143
  0.658286 -0.067714 -1.741714
  0.632571 -0.036857 -1.731429
  Kd 0.75
  Ks 0.45
  Ka 0.15
  Od 0.82 0.82 0.86
  Os 1.0 1.0 1.0
  Kgls 48.0
  Refl 0.25

Triangle
  0.617143 -0.108857 -1.721143
  0.632571 -0.036857 -1.731429
  0.586286 -0.078 -1.716
  Kd 0.75
  Ks 0.45
  Ka 0.15
  Od 0.82 0.82 0.86
  Os 1.0 1.0 1.0
  Kgls 48.0
  Refl 0.25

Triangle
  -0.617143 -0.108857 -1.721143
  -0.586285 -0.078 -1.716
  -0.632571 -0.036857 -1.731429
  Kd 0.75
  Ks 0.45
  Ka 0.15
  Od 0.82 0.82 0.86
  Os 1.0 1.0 1.0
  Kgls 48.0
  Refl 0.25

Triangle
  -0.617143 -0.108857 -1.721143
  -0.632571 -0.036857 -1.731429
  -0.658285 -0.067714 -1.741714
  Kd 0.75
  Ks 0.45
  Ka 0.15
  Od 0.82 0.82 0.86
  Os 1.0 1.0 1.0
  Kgls 48.0
  Refl 0.25

Triangle
  0.658286 -0.067714 -1.741714
  0.694286 -0.026571 -1.752
  0.668572 0.004286 -1.746857
  Kd 0.75
  Ks 0.45
  Ka 0.15
  Od 0.82 0.82 0.86
  Os 1.0 1.0 1.0
  Kgls 48.0
  Refl 0.25

Triangle
  0.658286 -0.067714 -1.741714
  0.668572 0.004286 -1.746857
  0.632571 -0.036857 -1.731429
  Kd 0.75
  Ks 0.45
  Ka 0.15
  Od 0.82 0.82 0.86
  Os 1.0 1.0 1.0
  Kgls 48.0
  Refl 0.25

Triangle
  -0.658285 -0.067714 -1.741714
  -0.632571 -0.036857 -1.731429
  -0.668571 0.004286 -1.746857
  Kd 0.75
  Ks 0.45
  Ka 0.15
  Od 0.82 0.82 0.86
  Os 1.0 1.0 1.0
  Kgls 48.0
  Refl 0.25

Triangle
  -0.658285 -0.067714 -1.741714
  -0.668571 0.004286 -1.746857
  -0.694286 -0.026571 -1.752
  Kd 0.75
  Ks 0.45
  Ka 0.15
  Od 0.82 0.82 0.86
  Os 1.0 1.0 1.0
  Kgls 48.0
  Refl 0.25

Triangle
  0.694286 -0.026571 -1.752
  0.730286 -0.011143 -1.757143
  0.714857 0.03 -1.757143
  Kd 0.75
  Ks 0.45
  Ka 0.15
  Od 0.82 0.82 0.86
  Os 1.0 1.0 1.0
  Kgls 48.0
  Refl 0.25

Triangle
  0.694286 -0.026571 -1.752
  0.714857 0.03 -1.757143
  0.668572 0.004286 -1.746857
  Kd 0.75
  Ks 0.45
  Ka 0.15
  Od 0.82 0.82 0.86
  Os 1.0 1.0 1.0
  Kgls 48.0
  Refl 0.25

Triangle
  -0.694286 -0.026571 -1.752
  -0.668571 0.004286 -1.746857
  -0.714857 0.03 -1.757143
  Kd 0.75
  Ks 0.45
  Ka 0.15
  Od 0.82 0.82 0.86
  Os 1.0 1.0 1.0
  Kgls 48.0
  Refl 0.25

Triangle
  -0.694286 -0.026571 -1.752
  -0.714857 0.03 -1.757143
  -0.730285 -0.011143 -1.757143
  Kd 0.75
  Ks 0.45
  Ka 0.15
  Od 0.82 0.82 0.86
  Os 1.0 1.0 1.0
  Kgls 48.0
  Refl 0.25

Triangle
  0.627429 0.040285 -1.726286
  0.668572 0.004286 -1.746857
  0.714857 0.03 -1.757143
  Kd 0.75
  Ks 0.45
  Ka 0.15
  Od 0.82 0.82 0.86
  Os 1.0 1.0 1.0
  Kgls 48.0
  Refl 0.25

Triangle
  0.627429 0.040285 -1.726286
  0.714857 0.03 -1.757143
  0.684 0.066 -1.772571
  Kd 0.75
  Ks 0.45
  Ka 0.15
  Od 0.82 0.82 0.86
  Os 1.0 1.0 1.0
  Kgls 48.0
  Refl 0.25

Triangle
  -0.627428 0.040285 -1.726286
  -0.684 0.066 -1.772571
  -0.714857 0.03 -1.757143
  Kd 0.75
  Ks 0.45
  Ka 0.15
  Od 0.82 0.82 0.86
  Os 1.0 1.0 1.0
  Kgls 48.0
  Refl 0.25

Triangle
  -0.627428 0.040285 -1.726286
  -0.714857 0.03 -1.757143
  -0.668571 0.004286 -1.746857
  Kd 0.75
  Ks 0.45
  Ka 0.15
  Od 0.82 0.82 0.86
  Os 1.0 1.0 1.0
  Kgls 48.0
  Refl 0.25

Triangle
  0.632571 -0.036857 -1.731429
  0.668572 0.004286 -1.746857
  0.627429 0.040285 -1.726286
  Kd 0.75
  Ks 0.45
  Ka 0.15
  Od 0.82 0.82 0.86
  Os 1.0 1.0 1.0
  Kgls 48.0
  Refl 0.25

Triangle
  0.632571 -0.036857 -1.731429
  0.627429 0.040285 -1.726286
  0.586286 0.004286 -1.710857
  Kd 0.75
  Ks 0.45
  Ka 0.15
  Od 0.82 0.82 0.86
  Os 1.0 1.0 1.0
  Kgls 48.0
  Refl 0.25

Triangle
  -0.632571 -0.036857 -1.731429
  -0.586285 0.004286 -1.710857
  -0.627428 0.040285 -1.726286
  Kd 0.75
  Ks 0.45
  Ka 0.15
  Od 0.82 0.82 0.86
  Os 1.0 1.0 1.0
  Kgls 48.0
  Refl 0.25

Triangle
  -0.632571 -0.036857 -1.731429
  -0.627428 0.040285 -1.726286
  -0.668571 0.004286 -1.746857
  Kd 0.75
  Ks 0.45
  Ka 0.15
  Od 0.82 0.82 0.86
  Os 1.0 1.0 1.0
  Kgls 48.0
  Refl 0.25

Triangle
  0.555429 -0.036857 -1.710857
  0.586286 -0.078 -1.716
  0.632571 -0.036857 -1.731429
  Kd 0.75
  Ks 0.45
  Ka 0.15
  Od 0.82 0.82 0.86
  Os 1.0 1.0 1.0
  Kgls 48.0
  Refl 0.25

Triangle
  0.555429 -0.036857 -1.710857
  0.632571 -0.036857 -1.731429
  0.586286 0.004286 -1.710857
  Kd 0.75
  Ks 0.45
  Ka 0.15
  Od 0.82 0.82 0.86
  Os 1.0 1.0 1.0
  Kgls 48.0
  Refl 0.25

Triangle
  -0.555428 -0.036857 -1.710857
  -0.586285 0.004286 -1.710857
  -0.632571 -0.036857 -1.731429
  Kd 0.75
  Ks 0.45
  Ka 0.15
  Od 0.82 0.82 0.86
  Os 1.0 1.0 1.0
  Kgls 48.0
  Refl 0.25

Triangle
  -0.555428 -0.036857 -1.710857
  -0.632571 -0.036857 -1.731429
  -0.586285 -0.078 -1.716
  Kd 0.75
  Ks 0.45
  Ka 0.15
  Od 0.82 0.82 0.86
  Os 1.0 1.0 1.0
  Kgls 48.0
  Refl 0.25

Triangle
  0.586286 -0.078 -1.716
  0.555429 -0.036857 -1.710857
  0.504 -0.088286 -1.710857
  Kd 0.75
  Ks 0.45
  Ka 0.15
  Od 0.82 0.82 0.86
  Os 1.0 1.0 1.0
  Kgls 48.0
  Refl 0.25

Triangle
  0.586286 -0.078 -1.716
  0.504 -0.088286 -1.710857
  0.545143 -0.098571 -1.710857
  Kd 0.75
  Ks 0.45
  Ka 0.15
  Od 0.82 0.82 0.86
  Os 1.0 1.0 1.0
  Kgls 48.0
  Refl 0.25

Triangle
  -0.586285 -0.078 -1.716
  -0.545143 -0.098571 -1.710857
  -0.504 -0.088286 -1.710857
  Kd 0.75
  Ks 0.45
  Ka 0.15
  Od 0.82 0.82 0.86
  Os 1.0 1.0 1.0
  Kgls 48.0
  Refl 0.25

Triangle
  -0.586285 -0.078 -1.716
  -0.504 -0.088286 -1.710857
  -0.555428 -0.036857 -1.710857
  Kd 0.75
  Ks 0.45
  Ka 0.15
  Od 0.82 0.82 0.86
  Os 1.0 1.0 1.0
  Kgls 48.0
  Refl 0.25

Triangle
  0.581143 -0.160286 -1.674857
  0.617143 -0.108857 -1.721143
  0.560571 -0.139714 -1.710857
  Kd 0.75
  Ks 0.45
  Ka 0.15
  Od 0.82 0.82 0.86
  Os 1.0 1.0 1.0
  Kgls 48.0
  Refl 0.25

Triangle
  0.581143 -0.160286 -1.674857
  0.560571 -0.139714 -1.710857
  0.534857 -0.160286 -1.710857
  Kd 0.75
  Ks 0.45
  Ka 0.15
  Od 0.82 0.82 0.86
  Os 1.0 1.0 1.0
  Kgls 48.0
  Refl 0.25

Triangle
  -0.581143 -0.160286 -1.674857
  -0.534857 -0.160286 -1.710857
  -0.560571 -0.139714 -1.710857
  Kd 0.75
  Ks 0.45
  Ka 0.15
  Od 0.82 0.82 0.86
  Os 1.0 1.0 1.0
  Kgls 48.0
  Refl 0.25

Triangle
  -0.581143 -0.160286 -1.674857
  -0.560571 -0.139714 -1.710857
  -0.617143 -0.108857 -1.721143
  Kd 0.75
  Ks 0.45
  Ka 0.15
  Od 0.82 0.82 0.86
  Os 1.0 1.0 1.0
  Kgls 48.0
  Refl 0.25

Triangle
  0.658286 -0.067714 -1.741714
  0.617143 -0.108857 -1.721143
  0.581143 -0.160286 -1.674857
  Kd 0.75
  Ks 0.45
  Ka 0.15
  Od 0.82 0.82 0.86
  Os 1.0 1.0 1.0
  Kgls 48.0
  Refl 0.25

Triangle
  0.658286 -0.067714 -1.741714
  0.581143 -0.160286 -1.674857
  0.689143 -0.15 -1.777715
  Kd 0.75
  Ks 0.45
  Ka 0.15
  Od 0.82 0.82 0.86
  Os 1.0 1.0 1.0
  Kgls 48.0
  Refl 0.25

Triangle
  -0.658285 -0.067714 -1.741714
  -0.689143 -0.15 -1.777715
  -0.581143 -0.160286 -1.674857
  Kd 0.75
  Ks 0.45
  Ka 0.15
  Od 0.82 0.82 0.86
  Os 1.0 1.0 1.0
  Kgls 48.0
  Refl 0.25

Triangle
  -0.658285 -0.067714 -1.741714
  -0.581143 -0.160286 -1.674857
  -0.617143 -0.108857 -1.721143
  Kd 0.75
  Ks 0.45
  Ka 0.15
  Od 0.82 0.82 0.86
  Os 1.0 1.0 1.0
  Kgls 48.0
  Refl 0.25

Triangle
  0.694286 -0.026571 -1.752
  0.658286 -0.067714 -1.741714
  0.689143 -0.15 -1.777715
  Kd 0.75
  Ks 0.45
  Ka 0.15
  Od 0.82 0.82 0.86
  Os 1.0 1.0 1.0
  Kgls 48.0
  Refl 0.25

Triangle
  0.694286 -0.026571 -1.752
  0.689143 -0.15 -1.777715
  0.797143 -0.093429 -1.818857
  Kd 0.75
  Ks 0.45
  Ka 0.15
  Od 0.82 0.82 0.86
  Os 1.0 1.0 1.0
  Kgls 48.0
  Refl 0.25

Triangle
  -0.694286 -0.026571 -1.752
  -0.797143 -0.093429 -1.818857
  -0.689143 -0.15 -1.777715
  Kd 0.75
  Ks 0.45
  Ka 0.15
  Od 0.82 0.82 0.86
  Os 1.0 1.0 1.0
  Kgls 48.0
  Refl 0.25

Triangle
  -0.694286 -0.026571 -1.752
  -0.689143 -0.15 -1.777715
  -0.658285 -0.067714 -1.741714
  Kd 0.75
  Ks 0.45
  Ka 0.15
  Od 0.82 0.82 0.86
  Os 1.0 1.0 1.0
  Kgls 48.0
  Refl 0.25

Triangle
  0.730286 -0.011143 -1.757143
  0.694286 -0.026571 -1.752
  0.797143 -0.093429 -1.818857
  Kd 0.75
  Ks 0.45
  Ka 0.15
  Od 0.82 0.82 0.86
  Os 1.0 1.0 1.0
  Kgls 48.0
  Refl 0.25

Triangle
  0.730286 -0.011143 -1.757143
  0.797143 -0.093429 -1.818857
  0.828 0.009428 -1.824
  Kd 0.75
  Ks 0.45
  Ka 0.15
  Od 0.82 0.82 0.86
  Os 1.0 1.0 1.0
  Kgls 48.0
  Refl 0.25

Triangle
  -0.730285 -0.011143 -1.757143
  -0.828 0.009428 -1.824
  -0.797143 -0.093429 -1.818857
  Kd 0.75
  Ks 0.45
  Ka 0.15
  Od 0.82 0.82 0.86
  Os 1.0 1.0 1.0
  Kgls 48.0
  Refl 0.25

Triangle
  -0.730285 -0.011143 -1.757143
  -0.797143 -0.093429 -1.818857
  -0.694286 -0.026571 -1.752
  Kd 0.75
  Ks 0.45
  Ka 0.15
  Od 0.82 0.82 0.86
  Os 1.0 1.0 1.0
  Kgls 48.0
  Refl 0.25

Triangle
  0.714857 0.03 -1.757143
  0.730286 -0.011143 -1.757143
  0.828 0.009428 -1.824
  Kd 0.75
  Ks 0.45
  Ka 0.15
  Od 0.82 0.82 0.86
  Os 1.0 1.0 1.0
  Kgls 48.0
  Refl 0.25

Triangle
  0.714857 0.03 -1.757143
  0.828 0.009428 -1.824
  0.781715 0.076286 -1.818857
  Kd 0.75
  Ks 0.45
  Ka 0.15
  Od 0.82 0.82 0.86
  Os 1.0 1.0 1.0
  Kgls 48.0
  Refl 0.25

Triangle
  -0.714857 0.03 -1.757143
  -0.781714 0.076286 -1.818857
  -0.828 0.009428 -1.824
  Kd 0.75
  Ks 0.45
  Ka 0.15
  Od 0.82 0.82 0.86
  Os 1.0 1.0 1.0
  Kgls 48.0
  Refl 0.25

Triangle
  -0.714857 0.03 -1.757143
  -0.828 0.009428 -1.824
  -0.730285 -0.011143 -1.757143
  Kd 0.75
  Ks 0.45
  Ka 0.15
  Od 0.82 0.82 0.86
  Os 1.0 1.0 1.0
  Kgls 48.0
  Refl 0.25

Triangle
  0.714857 0.03 -1.757143
  0.781715 0.076286 -1.818857
  0.684 0.066 -1.772571
  Kd 0.75
  Ks 0.45
  Ka 0.15
  Od 0.82 0.82 0.86
  Os 1.0 1.0 1.0
  Kgls 48.0
  Refl 0.25

Triangle
  -0.714857 0.03 -1.757143
  -0.684 0.066 -1.772571
  -0.781714 0.076286 -1.818857
  Kd 0.75
  Ks 0.45
  Ka 0.15
  Od 0.82 0.82 0.86
  Os 1.0 1.0 1.0
  Kgls 48.0
  Refl 0.25

Triangle
  0.509143 -0.242571 -1.582286
  0.519429 -0.232286 -1.716
  0.684 -0.206572 -1.824
  Kd 0.75
  Ks 0.45
  Ka 0.15
  Od 0.82 0.82 0.86
  Os 1.0 1.0 1.0
  Kgls 48.0
  Refl 0.25

Triangle
  0.509143 -0.242571 -1.582286
  0.684 -0.206572 -1.824
  0.684 -0.216857 -1.716
  Kd 0.75
  Ks 0.45
  Ka 0.15
  Od 0.82 0.82 0.86
  Os 1.0 1.0 1.0
  Kgls 48.0
  Refl 0.25

Triangle
  -0.509143 -0.242571 -1.582286
  -0.684 -0.216857 -1.716
  -0.684 -0.206572 -1.824
  Kd 0.75
  Ks 0.45
  Ka 0.15
  Od 0.82 0.82 0.86
  Os 1.0 1.0 1.0
  Kgls 48.0
  Refl 0.25

Triangle
  -0.509143 -0.242571 -1.582286
  -0.684 -0.206572 -1.824
  -0.519429 -0.232286 -1.716
  Kd 0.75
  Ks 0.45
  Ka 0.15
  Od 0.82 0.82 0.86
  Os 1.0 1.0 1.0
  Kgls 48.0
  Refl 0.25

Triangle
  0.684 -0.216857 -1.716
  0.684 -0.206572 -1.824
  0.864 -0.114 -1.849715
  Kd 0.75
  Ks 0.45
  Ka 0.15
  Od 0.82 0.82 0.86
  Os 1.0 1.0 1.0
  Kgls 48.0
  Refl 0.25

Triangle
  0.684 -0.216857 -1.716
  0.864 -0.114 -1.849715
  0.843429 -0.114 -1.782857
  Kd 0.75
  Ks 0.45
  Ka 0.15
  Od 0.82 0.82 0.86
  Os 1.0 1.0 1.0
  Kgls 48.0
  Refl 0.25

Triangle
  -0.684 -0.216857 -1.716
  -0.843428 -0.114 -1.782857
  -0.864 -0.114 -1.849715
  Kd 0.75
  Ks 0.45
  Ka 0.15
  Od 0.82 0.82 0.86
  Os 1.0 1.0 1.0
  Kgls 48.0
  Refl 0.25

Triangle
  -0.684 -0.216857 -1.716
  -0.864 -0.114 -1.849715
  -0.684 -0.206572 -1.824
  Kd 0.75
  Ks 0.45
  Ka 0.15
  Od 0.82 0.82 0.86
  Os 1.0 1.0 1.0
  Kgls 48.0
  Refl 0.25

Triangle
  0.843429 -0.114 -1.782857
  0.864 -0.114 -1.849715
  0.9 0.045429 -1.829143
  Kd 0.75
  Ks 0.45
  Ka 0.15
  Od 0.82 0.82 0.86
  Os 1.0 1.0 1.0
  Kgls 48.0
  Refl 0.25

Triangle
  0.843429 -0.114 -1.782857
  0.9 0.045429 -1.829143
  0.889714 0.060857 -1.777715
  Kd 0.75
  Ks 0.45
  Ka 0.15
  Od 0.82 0.82 0.86
  Os 1.0 1.0 1.0
  Kgls 48.0
  Refl 0.25

Triangle
  -0.843428 -0.114 -1.782857
  -0.889714 0.060857 -1.777715
  -0.9 0.045429 -1.829143
  Kd 0.75
  Ks 0.45
  Ka 0.15
  Od 0.82 0.82 0.86
  Os 1.0 1.0 1.0
  Kgls 48.0
  Refl 0.25

Triangle
  -0.843428 -0.114 -1.782857
  -0.9 0.045429 -1.829143
  -0.864 -0.114 -1.849715
  Kd 0.75
  Ks 0.45
  Ka 0.15
  Od 0.82 0.82 0.86
  Os 1.0 1.0 1.0
  Kgls 48.0
  Refl 0.25

Triangle
  0.889714 0.060857 -1.777715
  0.9 0.045429 -1.829143
  0.822857 0.158571 -1.86
  Kd 0.75
  Ks 0.45
  Ka 0.15
  Od 0.82 0.82 0.86
  Os 1.0 1.0 1.0
  Kgls 48.0
  Refl 0.25

Triangle
  0.889714 0.060857 -1.777715
  0.822857 0.158571 -1.86
  0.812572 0.184285 -1.777715
  Kd 0.75
  Ks 0.45
  Ka 0.15
  Od 0.82 0.82 0.86
  Os 1.0 1.0 1.0
  Kgls 48.0
  Refl 0.25

Triangle
  -0.889714 0.060857 -1.777715
  -0.812571 0.184285 -1.777715
  -0.822857 0.158571 -1.86
  Kd 0.75
  Ks 0.45
  Ka 0.15
  Od 0.82 0.82 0.86
  Os 1.0 1.0 1.0
  Kgls 48.0
  Refl 0.25

Triangle
  -0.889714 0.060857 -1.777715
  -0.822857 0.158571 -1.86
  -0.9 0.045429 -1.829143
  Kd 0.75
  Ks 0.45
  Ka 0.15
  Od 0.82 0.82 0.86
  Os 1.0 1.0 1.0
  Kgls 48.0
  Refl 0.25

Triangle
  0.812572 0.184285 -1.777715
  0.822857 0.158571 -1.86
  0.673714 0.138 -1.818857
  Kd 0.75
  Ks 0.45
  Ka 0.15
  Od 0.82 0.82 0.86
  Os 1.0 1.0 1.0
  Kgls 48.0
  Refl 0.25

Triangle
  0.812572 0.184285 -1.777715
  0.673714 0.138 -1.818857
  0.673714 0.163714 -1.705715
  Kd 0.75
  Ks 0.45
  Ka 0.15
  Od 0.82 0.82 0.86
  Os 1.0 1.0 1.0
  Kgls 48.0
  Refl 0.25

Triangle
  -0.812571 0.184285 -1.777715
  -0.673714 0.163714 -1.705715
  -0.673714 0.138 -1.818857
  Kd 0.75
  Ks 0.45
  Ka 0.15
  Od 0.82 0.82 0.86
  Os 1.0 1.0 1.0
  Kgls 48.0
  Refl 0.25

Triangle
  -0.812571 0.184285 -1.777715
  -0.673714 0.138 -1.818857
  -0.822857 0.158571 -1.86
  Kd 0.75
  Ks 0.45
  Ka 0.15
  Od 0.82 0.82 0.86
  Os 1.0 1.0 1.0
  Kgls 48.0
  Refl 0.25

Triangle
  0.673714 0.163714 -1.705715
  0.673714 0.138 -1.818857
  0.565715 0.102 -1.752
  Kd 0.75
  Ks 0.45
  Ka 0.15
  Od 0.82 0.82 0.86
  Os 1.0 1.0 1.0
  Kgls 48.0
  Refl 0.25

Triangle
  0.673714 0.163714 -1.705715
  0.565715 0.102 -1.752
  0.586286 0.117429 -1.654286
  Kd 0.75
  Ks 0.45
  Ka 0.15
  Od 0.82 0.82 0.86
  Os 1.0 1.0 1.0
  Kgls 48.0
  Refl 0.25

Triangle
  -0.673714 0.163714 -1.705715
  -0.586285 0.117429 -1.654286
  -0.565714 0.102 -1.752
  Kd 0.75
  Ks 0.45
  Ka 0.15
  Od 0.82 0.82 0.86
  Os 1.0 1.0 1.0
  Kgls 48.0
  Refl 0.25

Triangle
  -0.673714 0.163714 -1.705715
  -0.565714 0.102 -1.752
  -0.673714 0.138 -1.818857
  Kd 0.75
  Ks 0.45
  Ka 0.15
  Od 0.82 0.82 0.86
  Os 1.0 1.0 1.0
  Kgls 48.0
  Refl 0.25

Triangle
  0.684 -0.206572 -1.824
  0.519429 -0.232286 -1.716
  0.565715 0.102 -1.752
  Kd 0.75
  Ks 0.45
  Ka 0.15
  Od 0.82 0.82 0.86
  Os 1.0 1.0 1.0
  Kgls 48.0
  Refl 0.25

Triangle
  0.684 -0.206572 -1.824
  0.565715 0.102 -1.752
  0.673714 0.138 -1.818857
  Kd 0.75
  Ks 0.45
  Ka 0.15
  Od 0.82 0.82 0.86
  Os 1.0 1.0 1.0
  Kgls 48.0
  Refl 0.25

Triangle
  -0.684 -0.206572 -1.824
  -0.673714 0.138 -1.818857
  -0.565714 0.102 -1.752
  Kd 0.75
  Ks 0.45
  Ka 0.15
  Od 0.82 0.82 0.86
  Os 1.0 1.0 1.0
  Kgls 48.0
  Refl 0.25

Triangle
  -0.684 -0.206572 -1.824
  -0.565714 0.102 -1.752
  -0.519429 -0.232286 -1.716
  Kd 0.75
  Ks 0.45
  Ka 0.15
  Od 0.82 0.82 0.86
  Os 1.0 1.0 1.0
  Kgls 48.0
  Refl 0.25

Triangle
  0.822857 0.158571 -1.86
  0.864 -0.114 -1.849715
  0.684 -0.206572 -1.824
  Kd 0.75
  Ks 0.45
  Ka 0.15
  Od 0.82 0.82 0.86
  Os 1.0 1.0 1.0
  Kgls 48.0
  Refl 0.25

Triangle
  0.822857 0.158571 -1.86
  0.684 -0.206572 -1.824
  0.673714 0.138 -1.818857
  Kd 0.75
  Ks 0.45
  Ka 0.15
  Od 0.82 0.82 0.86
  Os 1.0 1.0 1.0
  Kgls 48.0
  Refl 0.25

Triangle
  -0.822857 0.158571 -1.86
  -0.673714 0.138 -1.818857
  -0.684 -0.206572 -1.824
  Kd 0.75
  Ks 0.45
  Ka 0.15
  Od 0.82 0.82 0.86
  Os 1.0 1.0 1.0
  Kgls 48.0
  Refl 0.25

Triangle
  -0.822857 0.158571 -1.86
  -0.684 -0.206572 -1.824
  -0.864 -0.114 -1.849715
  Kd 0.75
  Ks 0.45
  Ka 0.15
  Od 0.82 0.82 0.86
  Os 1.0 1.0 1.0
  Kgls 48.0
  Refl 0.25

Triangle
  0.9 0.045429 -1.829143
  0.864 -0.114 -1.849715
  0.822857 0.158571 -1.86
  Kd 0.75
  Ks 0.45
  Ka 0.15
  Od 0.82 0.82 0.86
  Os 1.0 1.0 1.0
  Kgls 48.0
  Refl 0.25

Triangle
  -0.9 0.045429 -1.829143
  -0.822857 0.158571 -1.86
  -0.864 -0.114 -1.849715
  Kd 0.75
  Ks 0.45
  Ka 0.15
  Od 0.82 0.82 0.86
  Os 1.0 1.0 1.0
  Kgls 48.0
  Refl 0.25

Triangle
  0.54 0.066 -1.633715
  0.586286 0.117429 -1.654286
  0.565715 0.102 -1.752
  Kd 0.75
  Ks 0.45
  Ka 0.15
  Od 0.82 0.82 0.86
  Os 1.0 1.0 1.0
  Kgls 48.0
  Refl 0.25

Triangle
  0.54 0.066 -1.633715
  0.565715 0.102 -1.752
  0.509143 0.024857 -1.788
  Kd 0.75
  Ks 0.45
  Ka 0.15
  Od 0.82 0.82 0.86
  Os 1.0 1.0 1.0
  Kgls 48.0
  Refl 0.25

Triangle
  -0.54 0.066 -1.633715
  -0.509143 0.024857 -1.788
  -0.565714 0.102 -1.752
  Kd 0.75
  Ks 0.45
  Ka 0.15
  Od 0.82 0.82 0.86
  Os 1.0 1.0 1.0
  Kgls 48.0
  Refl 0.25

Triangle
  -0.54 0.066 -1.633715
  -0.565714 0.102 -1.752
  -0.586285 0.117429 -1.654286
  Kd 0.75
  Ks 0.45
  Ka 0.15
  Od 0.82 0.82 0.86
  Os 1.0 1.0 1.0
  Kgls 48.0
  Refl 0.25

Triangle
  0.565715 0.102 -1.752
  0.519429 -0.232286 -1.716
  0.421715 -0.155143 -1.782857
  Kd 0.75
  Ks 0.45
  Ka 0.15
  Od 0.82 0.82 0.86
  Os 1.0 1.0 1.0
  Kgls 48.0
  Refl 0.25

Triangle
  0.565715 0.102 -1.752
  0.421715 -0.155143 -1.782857
  0.509143 0.024857 -1.788
  Kd 0.75
  Ks 0.45
  Ka 0.15
  Od 0.82 0.82 0.86
  Os 1.0 1.0 1.0
  Kgls 48.0
  Refl 0.25

Triangle
  -0.565714 0.102 -1.752
  -0.509143 0.024857 -1.788
  -0.421714 -0.155143 -1.782857
  Kd 0.75
  Ks 0.45
  Ka 0.15
  Od 0.82 0.82 0.86
  Os 1.0 1.0 1.0
  Kgls 48.0
  Refl 0.25

Triangle
  -0.565714 0.102 -1.752
  -0.421714 -0.155143 -1.782857
  -0.519429 -0.232286 -1.716
  Kd 0.75
  Ks 0.45
  Ka 0.15
  Od 0.82 0.82 0.86
  Os 1.0 1.0 1.0
  Kgls 48.0
  Refl 0.25

Triangle
  0.421715 -0.155143 -1.782857
  0.519429 -0.232286 -1.716
  0.509143 -0.242571 -1.582286
  Kd 0.75
  Ks 0.45
  Ka 0.15
  Od 0.82 0.82 0.86
  Os 1.0 1.0 1.0
  Kgls 48.0
  Refl 0.25

Triangle
  0.421715 -0.155143 -1.782857
  0.509143 -0.242571 -1.582286
  0.390857 -0.232286 -1.608
  Kd 0.75
  Ks 0.45
  Ka 0.15
  Od 0.82 0.82 0.86
  Os 1.0 1.0 1.0
  Kgls 48.0
  Refl 0.25

Triangle
  -0.421714 -0.155143 -1.782857
  -0.390857 -0.232286 -1.608
  -0.509143 -0.242571 -1.582286
  Kd 0.75
  Ks 0.45
  Ka 0.15
  Od 0.82 0.82 0.86
  Os 1.0 1.0 1.0
  Kgls 48.0
  Refl 0.25

Triangle
  -0.421714 -0.155143 -1.782857
  -0.509143 -0.242571 -1.582286
  -0.519429 -0.232286 -1.716
  Kd 0.75
  Ks 0.45
  Ka 0.15
  Od 0.82 0.82 0.86
  Os 1.0 1.0 1.0
  Kgls 48.0
  Refl 0.25
